SET NAMES utf8mb4;
SET FOREIGN_KEY_CHECKS = 0;

-- ----------------------------
-- Table structure for demo_create_time_table
-- ----------------------------
DROP TABLE IF EXISTS `demo_create_time_table`;
CREATE TABLE `demo_create_time_table`  (
  `id` bigint NOT NULL AUTO_INCREMENT COMMENT 'id',
  `create_time` datetime NOT NULL COMMENT 'еҲӣе»әж—¶й—ҙ',
  PRIMARY KEY (`id`) USING BTREE
) ENGINE = InnoDB AUTO_INCREMENT = 1 CHARACTER SET = utf8mb4 COLLATE = utf8mb4_0900_ai_ci ROW_FORMAT = Dynamic;

-- ----------------------------
-- Records of demo_create_time_table
-- ----------------------------

-- ----------------------------
-- Table structure for demo_full_time_table
-- ----------------------------
DROP TABLE IF EXISTS `demo_full_time_table`;
CREATE TABLE `demo_full_time_table`  (
  `id` bigint NOT NULL AUTO_INCREMENT COMMENT 'id',
  `create_time` datetime NOT NULL COMMENT 'еҲӣе»әж—¶й—ҙ',
  `update_time` datetime NOT NULL COMMENT 'дҝ®ж”№ж—¶й—ҙ',
  PRIMARY KEY (`id`) USING BTREE
) ENGINE = InnoDB AUTO_INCREMENT = 1 CHARACTER SET = utf8mb4 COLLATE = utf8mb4_0900_ai_ci ROW_FORMAT = Dynamic;

-- ----------------------------
-- Records of demo_full_time_table
-- ----------------------------

-- ----------------------------
-- Table structure for demo_user_create_time_table
-- ----------------------------
DROP TABLE IF EXISTS `demo_user_create_time_table`;
CREATE TABLE `demo_user_create_time_table`  (
  `id` bigint NOT NULL AUTO_INCREMENT COMMENT 'id',
  `create_by` varchar(255) CHARACTER SET utf8mb4 COLLATE utf8mb4_0900_ai_ci NOT NULL COMMENT 'еҲӣе»әдәә',
  `create_time` datetime NOT NULL COMMENT 'еҲӣе»әж—¶й—ҙ',
  PRIMARY KEY (`id`) USING BTREE
) ENGINE = InnoDB AUTO_INCREMENT = 1 CHARACTER SET = utf8mb4 COLLATE = utf8mb4_0900_ai_ci ROW_FORMAT = Dynamic;

-- ----------------------------
-- Records of demo_user_create_time_table
-- ----------------------------

-- ----------------------------
-- Table structure for demo_user_full_time_logic_table
-- ----------------------------
DROP TABLE IF EXISTS `demo_user_full_time_logic_table`;
CREATE TABLE `demo_user_full_time_logic_table`  (
  `id` bigint NOT NULL AUTO_INCREMENT COMMENT 'id',
  `create_by` varchar(255) CHARACTER SET utf8mb4 COLLATE utf8mb4_0900_ai_ci NOT NULL COMMENT 'еҲӣе»әдәә',
  `create_time` datetime NOT NULL COMMENT 'еҲӣе»әж—¶й—ҙ',
  `update_by` varchar(255) CHARACTER SET utf8mb4 COLLATE utf8mb4_0900_ai_ci NOT NULL COMMENT 'дҝ®ж”№дәә',
  `update_time` datetime NOT NULL COMMENT 'дҝ®ж”№ж—¶й—ҙ',
  `available` tinyint(1) NOT NULL DEFAULT 1 COMMENT 'ж•°жҚ®жңүж•ҲжҖ§',
  PRIMARY KEY (`id`) USING BTREE
) ENGINE = InnoDB AUTO_INCREMENT = 1 CHARACTER SET = utf8mb4 COLLATE = utf8mb4_0900_ai_ci ROW_FORMAT = Dynamic;

-- ----------------------------
-- Records of demo_user_full_time_logic_table
-- ----------------------------

-- ----------------------------
-- Table structure for demo_user_full_time_table
-- ----------------------------
DROP TABLE IF EXISTS `demo_user_full_time_table`;
CREATE TABLE `demo_user_full_time_table`  (
  `id` bigint NOT NULL AUTO_INCREMENT COMMENT 'id',
  `create_by` varchar(255) CHARACTER SET utf8mb4 COLLATE utf8mb4_0900_ai_ci NOT NULL COMMENT 'еҲӣе»әдәә',
  `create_time` datetime NOT NULL COMMENT 'еҲӣе»әж—¶й—ҙ',
  `update_by` varchar(255) CHARACTER SET utf8mb4 COLLATE utf8mb4_0900_ai_ci NOT NULL COMMENT 'дҝ®ж”№дәә',
  `update_time` datetime NOT NULL COMMENT 'дҝ®ж”№ж—¶й—ҙ',
  PRIMARY KEY (`id`) USING BTREE
) ENGINE = InnoDB AUTO_INCREMENT = 1 CHARACTER SET = utf8mb4 COLLATE = utf8mb4_0900_ai_ci ROW_FORMAT = Dynamic;

-- ----------------------------
-- Records of demo_user_full_time_table
-- ----------------------------

-- ----------------------------
-- Table structure for qrtz_blob_triggers
-- ----------------------------
DROP TABLE IF EXISTS `qrtz_blob_triggers`;
CREATE TABLE `qrtz_blob_triggers`  (
  `sched_name` varchar(120) CHARACTER SET utf8mb4 COLLATE utf8mb4_0900_ai_ci NOT NULL,
  `trigger_name` varchar(200) CHARACTER SET utf8mb4 COLLATE utf8mb4_0900_ai_ci NOT NULL,
  `trigger_group` varchar(200) CHARACTER SET utf8mb4 COLLATE utf8mb4_0900_ai_ci NOT NULL,
  `blob_data` blob NULL,
  PRIMARY KEY (`sched_name`, `trigger_name`, `trigger_group`) USING BTREE,
  INDEX `sched_name`(`sched_name` ASC, `trigger_name` ASC, `trigger_group` ASC) USING BTREE,
  CONSTRAINT `qrtz_blob_triggers_ibfk_1` FOREIGN KEY (`sched_name`, `trigger_name`, `trigger_group`) REFERENCES `qrtz_triggers` (`sched_name`, `trigger_name`, `trigger_group`) ON DELETE RESTRICT ON UPDATE RESTRICT
) ENGINE = InnoDB CHARACTER SET = utf8mb4 COLLATE = utf8mb4_0900_ai_ci ROW_FORMAT = Dynamic;

-- ----------------------------
-- Records of qrtz_blob_triggers
-- ----------------------------

-- ----------------------------
-- Table structure for qrtz_calendars
-- ----------------------------
DROP TABLE IF EXISTS `qrtz_calendars`;
CREATE TABLE `qrtz_calendars`  (
  `sched_name` varchar(120) CHARACTER SET utf8mb4 COLLATE utf8mb4_0900_ai_ci NOT NULL,
  `calendar_name` varchar(200) CHARACTER SET utf8mb4 COLLATE utf8mb4_0900_ai_ci NOT NULL,
  `calendar` blob NOT NULL,
  PRIMARY KEY (`sched_name`, `calendar_name`) USING BTREE
) ENGINE = InnoDB CHARACTER SET = utf8mb4 COLLATE = utf8mb4_0900_ai_ci ROW_FORMAT = Dynamic;

-- ----------------------------
-- Records of qrtz_calendars
-- ----------------------------

-- ----------------------------
-- Table structure for qrtz_cron_triggers
-- ----------------------------
DROP TABLE IF EXISTS `qrtz_cron_triggers`;
CREATE TABLE `qrtz_cron_triggers`  (
  `sched_name` varchar(120) CHARACTER SET utf8mb4 COLLATE utf8mb4_0900_ai_ci NOT NULL,
  `trigger_name` varchar(200) CHARACTER SET utf8mb4 COLLATE utf8mb4_0900_ai_ci NOT NULL,
  `trigger_group` varchar(200) CHARACTER SET utf8mb4 COLLATE utf8mb4_0900_ai_ci NOT NULL,
  `cron_expression` varchar(120) CHARACTER SET utf8mb4 COLLATE utf8mb4_0900_ai_ci NOT NULL,
  `time_zone_id` varchar(80) CHARACTER SET utf8mb4 COLLATE utf8mb4_0900_ai_ci NULL DEFAULT NULL,
  PRIMARY KEY (`sched_name`, `trigger_name`, `trigger_group`) USING BTREE,
  CONSTRAINT `qrtz_cron_triggers_ibfk_1` FOREIGN KEY (`sched_name`, `trigger_name`, `trigger_group`) REFERENCES `qrtz_triggers` (`sched_name`, `trigger_name`, `trigger_group`) ON DELETE RESTRICT ON UPDATE RESTRICT
) ENGINE = InnoDB CHARACTER SET = utf8mb4 COLLATE = utf8mb4_0900_ai_ci ROW_FORMAT = Dynamic;

-- ----------------------------
-- Records of qrtz_cron_triggers
-- ----------------------------

-- ----------------------------
-- Table structure for qrtz_fired_triggers
-- ----------------------------
DROP TABLE IF EXISTS `qrtz_fired_triggers`;
CREATE TABLE `qrtz_fired_triggers`  (
  `sched_name` varchar(120) CHARACTER SET utf8mb4 COLLATE utf8mb4_0900_ai_ci NOT NULL,
  `entry_id` varchar(95) CHARACTER SET utf8mb4 COLLATE utf8mb4_0900_ai_ci NOT NULL,
  `trigger_name` varchar(200) CHARACTER SET utf8mb4 COLLATE utf8mb4_0900_ai_ci NOT NULL,
  `trigger_group` varchar(200) CHARACTER SET utf8mb4 COLLATE utf8mb4_0900_ai_ci NOT NULL,
  `instance_name` varchar(200) CHARACTER SET utf8mb4 COLLATE utf8mb4_0900_ai_ci NOT NULL,
  `fired_time` bigint NOT NULL,
  `sched_time` bigint NOT NULL,
  `priority` int NOT NULL,
  `state` varchar(16) CHARACTER SET utf8mb4 COLLATE utf8mb4_0900_ai_ci NOT NULL,
  `job_name` varchar(200) CHARACTER SET utf8mb4 COLLATE utf8mb4_0900_ai_ci NULL DEFAULT NULL,
  `job_group` varchar(200) CHARACTER SET utf8mb4 COLLATE utf8mb4_0900_ai_ci NULL DEFAULT NULL,
  `is_nonconcurrent` varchar(1) CHARACTER SET utf8mb4 COLLATE utf8mb4_0900_ai_ci NULL DEFAULT NULL,
  `requests_recovery` varchar(1) CHARACTER SET utf8mb4 COLLATE utf8mb4_0900_ai_ci NULL DEFAULT NULL,
  PRIMARY KEY (`sched_name`, `entry_id`) USING BTREE,
  INDEX `idx_qrtz_ft_trig_inst_name`(`sched_name` ASC, `instance_name` ASC) USING BTREE,
  INDEX `idx_qrtz_ft_inst_job_req_rcvry`(`sched_name` ASC, `instance_name` ASC, `requests_recovery` ASC) USING BTREE,
  INDEX `idx_qrtz_ft_j_g`(`sched_name` ASC, `job_name` ASC, `job_group` ASC) USING BTREE,
  INDEX `idx_qrtz_ft_jg`(`sched_name` ASC, `job_group` ASC) USING BTREE,
  INDEX `idx_qrtz_ft_t_g`(`sched_name` ASC, `trigger_name` ASC, `trigger_group` ASC) USING BTREE,
  INDEX `idx_qrtz_ft_tg`(`sched_name` ASC, `trigger_group` ASC) USING BTREE
) ENGINE = InnoDB CHARACTER SET = utf8mb4 COLLATE = utf8mb4_0900_ai_ci ROW_FORMAT = Dynamic;

-- ----------------------------
-- Records of qrtz_fired_triggers
-- ----------------------------

-- ----------------------------
-- Table structure for qrtz_job_details
-- ----------------------------
DROP TABLE IF EXISTS `qrtz_job_details`;
CREATE TABLE `qrtz_job_details`  (
  `sched_name` varchar(120) CHARACTER SET utf8mb4 COLLATE utf8mb4_0900_ai_ci NOT NULL,
  `job_name` varchar(200) CHARACTER SET utf8mb4 COLLATE utf8mb4_0900_ai_ci NOT NULL,
  `job_group` varchar(200) CHARACTER SET utf8mb4 COLLATE utf8mb4_0900_ai_ci NOT NULL,
  `description` varchar(250) CHARACTER SET utf8mb4 COLLATE utf8mb4_0900_ai_ci NULL DEFAULT NULL,
  `job_class_name` varchar(250) CHARACTER SET utf8mb4 COLLATE utf8mb4_0900_ai_ci NOT NULL,
  `is_durable` varchar(1) CHARACTER SET utf8mb4 COLLATE utf8mb4_0900_ai_ci NOT NULL,
  `is_nonconcurrent` varchar(1) CHARACTER SET utf8mb4 COLLATE utf8mb4_0900_ai_ci NOT NULL,
  `is_update_data` varchar(1) CHARACTER SET utf8mb4 COLLATE utf8mb4_0900_ai_ci NOT NULL,
  `requests_recovery` varchar(1) CHARACTER SET utf8mb4 COLLATE utf8mb4_0900_ai_ci NOT NULL,
  `job_data` blob NULL,
  PRIMARY KEY (`sched_name`, `job_name`, `job_group`) USING BTREE,
  INDEX `idx_qrtz_j_req_recovery`(`sched_name` ASC, `requests_recovery` ASC) USING BTREE,
  INDEX `idx_qrtz_j_grp`(`sched_name` ASC, `job_group` ASC) USING BTREE
) ENGINE = InnoDB CHARACTER SET = utf8mb4 COLLATE = utf8mb4_0900_ai_ci ROW_FORMAT = Dynamic;

-- ----------------------------
-- Records of qrtz_job_details
-- ----------------------------

-- ----------------------------
-- Table structure for qrtz_locks
-- ----------------------------
DROP TABLE IF EXISTS `qrtz_locks`;
CREATE TABLE `qrtz_locks`  (
  `sched_name` varchar(120) CHARACTER SET utf8mb4 COLLATE utf8mb4_0900_ai_ci NOT NULL,
  `lock_name` varchar(40) CHARACTER SET utf8mb4 COLLATE utf8mb4_0900_ai_ci NOT NULL,
  PRIMARY KEY (`sched_name`, `lock_name`) USING BTREE
) ENGINE = InnoDB CHARACTER SET = utf8mb4 COLLATE = utf8mb4_0900_ai_ci ROW_FORMAT = Dynamic;

-- ----------------------------
-- Records of qrtz_locks
-- ----------------------------
INSERT INTO `qrtz_locks` VALUES ('cutejava', 'STATE_ACCESS');
INSERT INTO `qrtz_locks` VALUES ('cutejava', 'TRIGGER_ACCESS');

-- ----------------------------
-- Table structure for qrtz_paused_trigger_grps
-- ----------------------------
DROP TABLE IF EXISTS `qrtz_paused_trigger_grps`;
CREATE TABLE `qrtz_paused_trigger_grps`  (
  `sched_name` varchar(120) CHARACTER SET utf8mb4 COLLATE utf8mb4_0900_ai_ci NOT NULL,
  `trigger_group` varchar(200) CHARACTER SET utf8mb4 COLLATE utf8mb4_0900_ai_ci NOT NULL,
  PRIMARY KEY (`sched_name`, `trigger_group`) USING BTREE
) ENGINE = InnoDB CHARACTER SET = utf8mb4 COLLATE = utf8mb4_0900_ai_ci ROW_FORMAT = Dynamic;

-- ----------------------------
-- Records of qrtz_paused_trigger_grps
-- ----------------------------

-- ----------------------------
-- Table structure for qrtz_scheduler_state
-- ----------------------------
DROP TABLE IF EXISTS `qrtz_scheduler_state`;
CREATE TABLE `qrtz_scheduler_state`  (
  `sched_name` varchar(120) CHARACTER SET utf8mb4 COLLATE utf8mb4_0900_ai_ci NOT NULL,
  `instance_name` varchar(200) CHARACTER SET utf8mb4 COLLATE utf8mb4_0900_ai_ci NOT NULL,
  `last_checkin_time` bigint NOT NULL,
  `checkin_interval` bigint NOT NULL,
  PRIMARY KEY (`sched_name`, `instance_name`) USING BTREE
) ENGINE = InnoDB CHARACTER SET = utf8mb4 COLLATE = utf8mb4_0900_ai_ci ROW_FORMAT = Dynamic;

-- ----------------------------
-- Records of qrtz_scheduler_state
-- ----------------------------
INSERT INTO `qrtz_scheduler_state` VALUES ('ClusteredScheduler', 'DESKTOP-FM44BLS1742558233429', 1742558255052, 20000);
INSERT INTO `qrtz_scheduler_state` VALUES ('cutejava', 'iodboy.local1769415963994', 1769415965913, 10000);

-- ----------------------------
-- Table structure for qrtz_simple_triggers
-- ----------------------------
DROP TABLE IF EXISTS `qrtz_simple_triggers`;
CREATE TABLE `qrtz_simple_triggers`  (
  `sched_name` varchar(120) CHARACTER SET utf8mb4 COLLATE utf8mb4_0900_ai_ci NOT NULL,
  `trigger_name` varchar(200) CHARACTER SET utf8mb4 COLLATE utf8mb4_0900_ai_ci NOT NULL,
  `trigger_group` varchar(200) CHARACTER SET utf8mb4 COLLATE utf8mb4_0900_ai_ci NOT NULL,
  `repeat_count` bigint NOT NULL,
  `repeat_interval` bigint NOT NULL,
  `times_triggered` bigint NOT NULL,
  PRIMARY KEY (`sched_name`, `trigger_name`, `trigger_group`) USING BTREE,
  CONSTRAINT `qrtz_simple_triggers_ibfk_1` FOREIGN KEY (`sched_name`, `trigger_name`, `trigger_group`) REFERENCES `qrtz_triggers` (`sched_name`, `trigger_name`, `trigger_group`) ON DELETE RESTRICT ON UPDATE RESTRICT
) ENGINE = InnoDB CHARACTER SET = utf8mb4 COLLATE = utf8mb4_0900_ai_ci ROW_FORMAT = Dynamic;

-- ----------------------------
-- Records of qrtz_simple_triggers
-- ----------------------------

-- ----------------------------
-- Table structure for qrtz_simprop_triggers
-- ----------------------------
DROP TABLE IF EXISTS `qrtz_simprop_triggers`;
CREATE TABLE `qrtz_simprop_triggers`  (
  `sched_name` varchar(120) CHARACTER SET utf8mb4 COLLATE utf8mb4_0900_ai_ci NOT NULL,
  `trigger_name` varchar(200) CHARACTER SET utf8mb4 COLLATE utf8mb4_0900_ai_ci NOT NULL,
  `trigger_group` varchar(200) CHARACTER SET utf8mb4 COLLATE utf8mb4_0900_ai_ci NOT NULL,
  `str_prop_1` varchar(512) CHARACTER SET utf8mb4 COLLATE utf8mb4_0900_ai_ci NULL DEFAULT NULL,
  `str_prop_2` varchar(512) CHARACTER SET utf8mb4 COLLATE utf8mb4_0900_ai_ci NULL DEFAULT NULL,
  `str_prop_3` varchar(512) CHARACTER SET utf8mb4 COLLATE utf8mb4_0900_ai_ci NULL DEFAULT NULL,
  `int_prop_1` int NULL DEFAULT NULL,
  `int_prop_2` int NULL DEFAULT NULL,
  `long_prop_1` bigint NULL DEFAULT NULL,
  `long_prop_2` bigint NULL DEFAULT NULL,
  `dec_prop_1` decimal(13, 4) NULL DEFAULT NULL,
  `dec_prop_2` decimal(13, 4) NULL DEFAULT NULL,
  `bool_prop_1` varchar(1) CHARACTER SET utf8mb4 COLLATE utf8mb4_0900_ai_ci NULL DEFAULT NULL,
  `bool_prop_2` varchar(1) CHARACTER SET utf8mb4 COLLATE utf8mb4_0900_ai_ci NULL DEFAULT NULL,
  PRIMARY KEY (`sched_name`, `trigger_name`, `trigger_group`) USING BTREE,
  CONSTRAINT `qrtz_simprop_triggers_ibfk_1` FOREIGN KEY (`sched_name`, `trigger_name`, `trigger_group`) REFERENCES `qrtz_triggers` (`sched_name`, `trigger_name`, `trigger_group`) ON DELETE RESTRICT ON UPDATE RESTRICT
) ENGINE = InnoDB CHARACTER SET = utf8mb4 COLLATE = utf8mb4_0900_ai_ci ROW_FORMAT = Dynamic;

-- ----------------------------
-- Records of qrtz_simprop_triggers
-- ----------------------------

-- ----------------------------
-- Table structure for qrtz_triggers
-- ----------------------------
DROP TABLE IF EXISTS `qrtz_triggers`;
CREATE TABLE `qrtz_triggers`  (
  `sched_name` varchar(120) CHARACTER SET utf8mb4 COLLATE utf8mb4_0900_ai_ci NOT NULL,
  `trigger_name` varchar(200) CHARACTER SET utf8mb4 COLLATE utf8mb4_0900_ai_ci NOT NULL,
  `trigger_group` varchar(200) CHARACTER SET utf8mb4 COLLATE utf8mb4_0900_ai_ci NOT NULL,
  `job_name` varchar(200) CHARACTER SET utf8mb4 COLLATE utf8mb4_0900_ai_ci NOT NULL,
  `job_group` varchar(200) CHARACTER SET utf8mb4 COLLATE utf8mb4_0900_ai_ci NOT NULL,
  `description` varchar(250) CHARACTER SET utf8mb4 COLLATE utf8mb4_0900_ai_ci NULL DEFAULT NULL,
  `next_fire_time` bigint NULL DEFAULT NULL,
  `prev_fire_time` bigint NULL DEFAULT NULL,
  `priority` int NULL DEFAULT NULL,
  `trigger_state` varchar(16) CHARACTER SET utf8mb4 COLLATE utf8mb4_0900_ai_ci NOT NULL,
  `trigger_type` varchar(8) CHARACTER SET utf8mb4 COLLATE utf8mb4_0900_ai_ci NOT NULL,
  `start_time` bigint NOT NULL,
  `end_time` bigint NULL DEFAULT NULL,
  `calendar_name` varchar(200) CHARACTER SET utf8mb4 COLLATE utf8mb4_0900_ai_ci NULL DEFAULT NULL,
  `misfire_instr` smallint NULL DEFAULT NULL,
  `job_data` blob NULL,
  PRIMARY KEY (`sched_name`, `trigger_name`, `trigger_group`) USING BTREE,
  INDEX `idx_qrtz_t_j`(`sched_name` ASC, `job_name` ASC, `job_group` ASC) USING BTREE,
  INDEX `idx_qrtz_t_jg`(`sched_name` ASC, `job_group` ASC) USING BTREE,
  INDEX `idx_qrtz_t_c`(`sched_name` ASC, `calendar_name` ASC) USING BTREE,
  INDEX `idx_qrtz_t_g`(`sched_name` ASC, `trigger_group` ASC) USING BTREE,
  INDEX `idx_qrtz_t_state`(`sched_name` ASC, `trigger_state` ASC) USING BTREE,
  INDEX `idx_qrtz_t_n_state`(`sched_name` ASC, `trigger_name` ASC, `trigger_group` ASC, `trigger_state` ASC) USING BTREE,
  INDEX `idx_qrtz_t_n_g_state`(`sched_name` ASC, `trigger_group` ASC, `trigger_state` ASC) USING BTREE,
  INDEX `idx_qrtz_t_next_fire_time`(`sched_name` ASC, `next_fire_time` ASC) USING BTREE,
  INDEX `idx_qrtz_t_nft_st`(`sched_name` ASC, `trigger_state` ASC, `next_fire_time` ASC) USING BTREE,
  INDEX `idx_qrtz_t_nft_misfire`(`sched_name` ASC, `misfire_instr` ASC, `next_fire_time` ASC) USING BTREE,
  INDEX `idx_qrtz_t_nft_st_misfire`(`sched_name` ASC, `misfire_instr` ASC, `next_fire_time` ASC, `trigger_state` ASC) USING BTREE,
  INDEX `idx_qrtz_t_nft_st_misfire_grp`(`sched_name` ASC, `misfire_instr` ASC, `next_fire_time` ASC, `trigger_group` ASC, `trigger_state` ASC) USING BTREE,
  CONSTRAINT `qrtz_triggers_ibfk_1` FOREIGN KEY (`sched_name`, `job_name`, `job_group`) REFERENCES `qrtz_job_details` (`sched_name`, `job_name`, `job_group`) ON DELETE RESTRICT ON UPDATE RESTRICT
) ENGINE = InnoDB CHARACTER SET = utf8mb4 COLLATE = utf8mb4_0900_ai_ci ROW_FORMAT = Dynamic;

-- ----------------------------
-- Records of qrtz_triggers
-- ----------------------------

-- ----------------------------
-- Table structure for system_dept
-- ----------------------------
DROP TABLE IF EXISTS `system_dept`;
CREATE TABLE `system_dept`  (
  `dept_id` bigint NOT NULL AUTO_INCREMENT COMMENT 'ID',
  `pid` bigint NULL DEFAULT NULL COMMENT 'дёҠзә§йғЁй—Ё',
  `sub_count` int NULL DEFAULT 0 COMMENT 'еӯҗйғЁй—Ёж•°зӣ®',
  `name` varchar(255) CHARACTER SET utf8mb4 COLLATE utf8mb4_0900_ai_ci NOT NULL COMMENT 'еҗҚз§°',
  `dept_sort` int NULL DEFAULT 999 COMMENT 'жҺ’еәҸ',
  `enabled` bit(1) NOT NULL COMMENT 'зҠ¶жҖҒ',
  `create_by` varchar(255) CHARACTER SET utf8mb4 COLLATE utf8mb4_0900_ai_ci NULL DEFAULT NULL COMMENT 'еҲӣе»әиҖ…',
  `update_by` varchar(255) CHARACTER SET utf8mb4 COLLATE utf8mb4_0900_ai_ci NULL DEFAULT NULL COMMENT 'жӣҙж–°иҖ…',
  `create_time` datetime NULL DEFAULT NULL COMMENT 'еҲӣе»әж—Ҙжңҹ',
  `update_time` datetime NULL DEFAULT NULL COMMENT 'жӣҙж–°ж—¶й—ҙ',
  PRIMARY KEY (`dept_id`) USING BTREE,
  INDEX `idx_pid`(`pid` ASC) USING BTREE,
  INDEX `idx_enabled`(`enabled` ASC) USING BTREE,
  INDEX `idx_sys_dept_dept_id`(`dept_id` ASC) USING BTREE
) ENGINE = InnoDB AUTO_INCREMENT = 18 CHARACTER SET = utf8mb4 COLLATE = utf8mb4_0900_ai_ci COMMENT = 'йғЁй—Ё' ROW_FORMAT = Dynamic;

-- ----------------------------
-- Records of system_dept
-- ----------------------------
INSERT INTO `system_dept` VALUES (2, 7, 1, 'з ”еҸ‘йғЁ', 3, b'1', 'admin', 'admin', '2021-03-20 22:04:13', '2021-03-20 22:04:13');
INSERT INTO `system_dept` VALUES (5, 7, 0, 'иҝҗз»ҙйғЁ', 4, b'1', 'admin', 'admin', '2021-03-20 22:04:13', '2021-03-20 22:04:13');
INSERT INTO `system_dept` VALUES (6, 8, 0, 'жөӢиҜ•йғЁ', 6, b'1', 'admin', 'admin', '2021-03-20 22:04:13', '2021-03-20 22:04:13');
INSERT INTO `system_dept` VALUES (7, NULL, 2, 'еҚҺеҚ—еҲҶйғЁ', 0, b'1', 'admin', 'admin', '2021-03-20 22:04:13', '2021-03-20 22:04:13');
INSERT INTO `system_dept` VALUES (8, NULL, 2, 'еҚҺеҢ—еҲҶйғЁ', 1, b'1', 'admin', 'admin', '2021-03-20 22:04:13', '2021-03-20 22:04:13');
INSERT INTO `system_dept` VALUES (15, 8, 0, 'UIйғЁй—Ё', 7, b'1', 'admin', 'admin', '2021-03-20 22:04:13', '2021-03-20 22:04:13');
INSERT INTO `system_dept` VALUES (17, 2, 0, 'з ”еҸ‘дёҖз»„', 999, b'1', 'admin', 'admin', '2021-03-20 22:04:13', '2021-03-20 22:04:13');

-- ----------------------------
-- Table structure for system_dict
-- ----------------------------
DROP TABLE IF EXISTS `system_dict`;
CREATE TABLE `system_dict`  (
  `id` bigint NOT NULL AUTO_INCREMENT COMMENT 'ID',
  `name` varchar(255) CHARACTER SET utf8mb4 COLLATE utf8mb4_0900_ai_ci NOT NULL COMMENT 'еӯ—е…ёеҗҚз§°',
  `description` varchar(255) CHARACTER SET utf8mb4 COLLATE utf8mb4_0900_ai_ci NULL DEFAULT NULL COMMENT 'жҸҸиҝ°',
  `create_by` varchar(255) CHARACTER SET utf8mb4 COLLATE utf8mb4_0900_ai_ci NULL DEFAULT NULL COMMENT 'еҲӣе»әиҖ…',
  `update_by` varchar(255) CHARACTER SET utf8mb4 COLLATE utf8mb4_0900_ai_ci NULL DEFAULT NULL COMMENT 'жӣҙж–°иҖ…',
  `create_time` datetime NULL DEFAULT NULL COMMENT 'еҲӣе»әж—Ҙжңҹ',
  `update_time` datetime NULL DEFAULT NULL COMMENT 'жӣҙж–°ж—¶й—ҙ',
  PRIMARY KEY (`id`) USING BTREE
) ENGINE = InnoDB AUTO_INCREMENT = 10 CHARACTER SET = utf8mb4 COLLATE = utf8mb4_0900_ai_ci COMMENT = 'ж•°жҚ®еӯ—е…ё' ROW_FORMAT = Dynamic;

-- ----------------------------
-- Records of system_dict
-- ----------------------------
INSERT INTO `system_dict` VALUES (1, 'user_status', 'з”ЁжҲ·зҠ¶жҖҒ', 'admin', 'admin', '2021-03-20 22:04:13', '2021-03-20 22:04:13');
INSERT INTO `system_dict` VALUES (4, 'dept_status', 'йғЁй—ЁзҠ¶жҖҒ', 'admin', 'admin', '2021-03-20 22:04:13', '2021-03-20 22:04:13');
INSERT INTO `system_dict` VALUES (5, 'job_status', 'еІ—дҪҚзҠ¶жҖҒ', 'admin', 'admin', '2021-03-20 22:04:13', '2021-03-20 22:04:13');
INSERT INTO `system_dict` VALUES (8, 'test_status', 'жөӢиҜ•зҠ¶жҖҒ', 'admin', 'admin', '2021-03-20 22:04:13', '2021-03-20 22:04:13');

-- ----------------------------
-- Table structure for system_dict_detail
-- ----------------------------
DROP TABLE IF EXISTS `system_dict_detail`;
CREATE TABLE `system_dict_detail`  (
  `id` bigint NOT NULL AUTO_INCREMENT COMMENT 'ID',
  `dict_id` bigint NULL DEFAULT NULL COMMENT 'еӯ—е…ёid',
  `label` varchar(255) CHARACTER SET utf8mb4 COLLATE utf8mb4_0900_ai_ci NOT NULL COMMENT 'еӯ—е…ёж Үзӯҫ',
  `value` varchar(255) CHARACTER SET utf8mb4 COLLATE utf8mb4_0900_ai_ci NOT NULL COMMENT 'еӯ—е…ёеҖј',
  `dict_sort` int NULL DEFAULT NULL COMMENT 'жҺ’еәҸ',
  `create_by` varchar(255) CHARACTER SET utf8mb4 COLLATE utf8mb4_0900_ai_ci NULL DEFAULT NULL COMMENT 'еҲӣе»әиҖ…',
  `update_by` varchar(255) CHARACTER SET utf8mb4 COLLATE utf8mb4_0900_ai_ci NULL DEFAULT NULL COMMENT 'жӣҙж–°иҖ…',
  `create_time` datetime NULL DEFAULT NULL COMMENT 'еҲӣе»әж—Ҙжңҹ',
  `update_time` datetime NULL DEFAULT NULL COMMENT 'жӣҙж–°ж—¶й—ҙ',
  PRIMARY KEY (`id`) USING BTREE,
  INDEX `idx_dict_id`(`dict_id` ASC) USING BTREE
) ENGINE = InnoDB AUTO_INCREMENT = 29 CHARACTER SET = utf8mb4 COLLATE = utf8mb4_0900_ai_ci COMMENT = 'ж•°жҚ®еӯ—е…ёиҜҰжғ…' ROW_FORMAT = Dynamic;

-- ----------------------------
-- Records of system_dict_detail
-- ----------------------------
INSERT INTO `system_dict_detail` VALUES (1, 1, 'жҝҖжҙ»', 'true', 1, 'admin', 'admin', '2021-03-20 22:04:13', '2021-03-20 22:04:13');
INSERT INTO `system_dict_detail` VALUES (2, 1, 'зҰҒз”Ё', 'false', 2, 'admin', 'admin', '2021-03-20 22:04:13', '2021-03-20 22:04:13');
INSERT INTO `system_dict_detail` VALUES (3, 4, 'еҗҜз”Ё', 'true', 1, 'admin', 'admin', '2021-03-20 22:04:13', '2021-03-20 22:04:13');
INSERT INTO `system_dict_detail` VALUES (4, 4, 'еҒңз”Ё', 'false', 2, 'admin', 'admin', '2021-03-20 22:04:13', '2021-03-20 22:04:13');
INSERT INTO `system_dict_detail` VALUES (5, 5, 'еҗҜз”Ё', 'true', 1, 'admin', 'admin', '2021-03-20 22:04:13', '2021-03-20 22:04:13');
INSERT INTO `system_dict_detail` VALUES (6, 5, 'еҒңз”Ё', 'false', 2, 'admin', 'admin', '2021-03-20 22:04:13', '2021-03-20 22:04:13');
INSERT INTO `system_dict_detail` VALUES (7, 8, 'жү“зһҢзқЎ01', 'ks01', 1, 'admin', 'admin', '2021-03-20 22:04:13', '2021-03-20 22:04:13');
INSERT INTO `system_dict_detail` VALUES (8, 8, 'жү“зһҢзқЎ2', 'ks02', 1, 'admin', 'admin', '2021-03-20 22:04:13', '2021-03-20 22:04:13');
INSERT INTO `system_dict_detail` VALUES (9, 8, 'жү“зһҢзқЎ3', 'ks03', 1, 'admin', 'admin', '2021-03-20 22:04:13', '2021-03-20 22:04:13');
INSERT INTO `system_dict_detail` VALUES (10, 8, 'жү“зһҢзқЎ4', 'ks04', 1, 'admin', 'admin', '2021-03-20 22:04:13', '2021-03-20 22:04:13');
INSERT INTO `system_dict_detail` VALUES (11, 8, 'жү“зһҢзқЎ5', 'ks05', 1, 'admin', 'admin', '2021-03-20 22:04:13', '2021-03-20 22:04:13');
INSERT INTO `system_dict_detail` VALUES (12, 8, 'жү“зһҢзқЎ6', 'ks06', 1, 'admin', 'admin', '2021-03-20 22:04:13', '2021-03-20 22:04:13');
INSERT INTO `system_dict_detail` VALUES (13, 8, 'жү“зһҢзқЎ7', 'ks07', 1, 'admin', 'admin', '2021-03-20 22:04:13', '2021-03-20 22:04:13');
INSERT INTO `system_dict_detail` VALUES (14, 8, 'жү“зһҢзқЎ8', 'ks08', 1, 'admin', 'admin', '2021-03-20 22:04:13', '2021-03-20 22:04:13');
INSERT INTO `system_dict_detail` VALUES (16, 8, 'жү“зһҢзқЎ10', 'ks10', 1, 'admin', 'admin', '2021-03-20 22:04:13', '2021-03-20 22:04:13');
INSERT INTO `system_dict_detail` VALUES (18, 8, 'жү“зһҢзқЎ12', 'ks12', 1, 'admin', 'admin', '2021-03-20 22:04:13', '2021-03-20 22:04:13');
INSERT INTO `system_dict_detail` VALUES (19, 8, 'жү“зһҢзқЎ13', 'ks13', 1, 'admin', 'admin', '2021-03-20 22:04:13', '2021-03-20 22:04:13');
INSERT INTO `system_dict_detail` VALUES (20, 8, 'жү“зһҢзқЎ14', 'ks14', 1, 'admin', 'admin', '2021-03-20 22:04:13', '2021-03-20 22:04:13');
INSERT INTO `system_dict_detail` VALUES (21, 8, 'жү“зһҢзқЎ15', 'ks15', 1, 'admin', 'admin', '2021-03-20 22:04:13', '2021-03-20 22:04:13');
INSERT INTO `system_dict_detail` VALUES (22, 8, 'жү“зһҢзқЎ16', 'ks16', 1, 'admin', 'admin', '2021-03-20 22:04:13', '2021-03-20 22:04:13');
INSERT INTO `system_dict_detail` VALUES (23, 8, 'жү“зһҢзқЎ17', 'ks17', 1, 'admin', 'admin', '2021-03-20 22:04:13', '2021-03-20 22:04:13');
INSERT INTO `system_dict_detail` VALUES (24, 8, 'жү“зһҢзқЎ18', 'ks18', 1, 'admin', 'admin', '2021-03-20 22:04:13', '2021-03-20 22:04:13');
INSERT INTO `system_dict_detail` VALUES (25, 8, 'жү“зһҢзқЎ19', 'ks19', 1, 'admin', 'admin', '2021-03-20 22:04:13', '2021-03-20 22:04:13');
INSERT INTO `system_dict_detail` VALUES (26, 8, 'жү“зһҢзқЎ20', 'ks20', 1, 'admin', 'admin', '2021-03-20 22:04:13', '2021-03-20 22:04:13');
INSERT INTO `system_dict_detail` VALUES (27, 8, 'жү“зһҢзқЎ21', 'ks21', 1, 'admin', 'admin', '2021-03-20 22:04:13', '2021-03-20 22:04:13');
INSERT INTO `system_dict_detail` VALUES (28, 8, 'жү“зһҢзқЎ22', 'ks22', 1, 'admin', 'admin', '2021-03-20 22:04:13', '2021-03-20 22:04:13');

-- ----------------------------
-- Table structure for system_email_config
-- ----------------------------
DROP TABLE IF EXISTS `system_email_config`;
CREATE TABLE `system_email_config`  (
  `config_id` bigint NOT NULL COMMENT 'ID',
  `from_user` varchar(255) CHARACTER SET utf8mb4 COLLATE utf8mb4_0900_ai_ci NULL DEFAULT NULL COMMENT 'ж”¶д»¶дәә',
  `host` varchar(255) CHARACTER SET utf8mb4 COLLATE utf8mb4_0900_ai_ci NULL DEFAULT NULL COMMENT 'йӮ®д»¶жңҚеҠЎеҷЁSMTPең°еқҖ',
  `password` varchar(255) CHARACTER SET utf8mb4 COLLATE utf8mb4_0900_ai_ci NULL DEFAULT NULL COMMENT 'еҜҶз Ғ',
  `port` varchar(255) CHARACTER SET utf8mb4 COLLATE utf8mb4_0900_ai_ci NULL DEFAULT NULL COMMENT 'з«ҜеҸЈ',
  `user` varchar(255) CHARACTER SET utf8mb4 COLLATE utf8mb4_0900_ai_ci NULL DEFAULT NULL COMMENT 'еҸ‘д»¶иҖ…з”ЁжҲ·еҗҚ',
  PRIMARY KEY (`config_id`) USING BTREE
) ENGINE = InnoDB CHARACTER SET = utf8mb4 COLLATE = utf8mb4_0900_ai_ci COMMENT = 'йӮ®з®ұй…ҚзҪ®' ROW_FORMAT = Dynamic;

-- ----------------------------
-- Records of system_email_config
-- ----------------------------

-- ----------------------------
-- Table structure for system_job
-- ----------------------------
DROP TABLE IF EXISTS `system_job`;
CREATE TABLE `system_job`  (
  `id` bigint NOT NULL AUTO_INCREMENT COMMENT 'ID',
  `name` varchar(180) CHARACTER SET utf8mb4 COLLATE utf8mb4_0900_ai_ci NOT NULL COMMENT 'еІ—дҪҚеҗҚз§°',
  `enabled` bit(1) NOT NULL COMMENT 'еІ—дҪҚзҠ¶жҖҒ',
  `job_sort` int NULL DEFAULT NULL COMMENT 'жҺ’еәҸ',
  `create_by` varchar(255) CHARACTER SET utf8mb4 COLLATE utf8mb4_0900_ai_ci NULL DEFAULT NULL COMMENT 'еҲӣе»әиҖ…',
  `update_by` varchar(255) CHARACTER SET utf8mb4 COLLATE utf8mb4_0900_ai_ci NULL DEFAULT NULL COMMENT 'жӣҙж–°иҖ…',
  `create_time` datetime NULL DEFAULT NULL COMMENT 'еҲӣе»әж—Ҙжңҹ',
  `update_time` datetime NULL DEFAULT NULL COMMENT 'жӣҙж–°ж—¶й—ҙ',
  PRIMARY KEY (`id`) USING BTREE,
  UNIQUE INDEX `uniq_name`(`name` ASC) USING BTREE,
  INDEX `idx_enabled`(`enabled` ASC) USING BTREE
) ENGINE = InnoDB AUTO_INCREMENT = 13 CHARACTER SET = utf8mb4 COLLATE = utf8mb4_0900_ai_ci COMMENT = 'еІ—дҪҚ' ROW_FORMAT = Dynamic;

-- ----------------------------
-- Records of system_job
-- ----------------------------
INSERT INTO `system_job` VALUES (8, 'дәәдәӢдё“е‘ҳ', b'1', 3, 'admin', 'admin', '2021-03-20 22:04:13', '2021-03-20 22:04:13');
INSERT INTO `system_job` VALUES (10, 'дә§е“Ғз»ҸзҗҶ', b'1', 4, 'admin', 'admin', '2021-03-20 22:04:13', '2021-03-20 22:04:13');
INSERT INTO `system_job` VALUES (11, 'е…Ёж ҲејҖеҸ‘', b'1', 2, 'admin', 'admin', '2021-03-20 22:04:13', '2021-03-20 22:04:13');
INSERT INTO `system_job` VALUES (12, 'иҪҜд»¶жөӢиҜ•', b'1', 5, 'admin', 'admin', '2021-03-20 22:04:13', '2021-03-20 22:04:13');

-- ----------------------------
-- Table structure for system_local_storage
-- ----------------------------
DROP TABLE IF EXISTS `system_local_storage`;
CREATE TABLE `system_local_storage`  (
  `id` bigint NOT NULL AUTO_INCREMENT COMMENT 'ID',
  `real_name` varchar(255) CHARACTER SET utf8mb4 COLLATE utf8mb4_0900_ai_ci NULL DEFAULT NULL COMMENT 'ж–Үд»¶зңҹе®һзҡ„еҗҚз§°',
  `name` varchar(255) CHARACTER SET utf8mb4 COLLATE utf8mb4_0900_ai_ci NULL DEFAULT NULL COMMENT 'ж–Үд»¶еҗҚ',
  `suffix` varchar(255) CHARACTER SET utf8mb4 COLLATE utf8mb4_0900_ai_ci NULL DEFAULT NULL COMMENT 'еҗҺзјҖ',
  `path` varchar(255) CHARACTER SET utf8mb4 COLLATE utf8mb4_0900_ai_ci NULL DEFAULT NULL COMMENT 'и·Ҝеҫ„',
  `type` varchar(255) CHARACTER SET utf8mb4 COLLATE utf8mb4_0900_ai_ci NULL DEFAULT NULL COMMENT 'зұ»еһӢ',
  `size` varchar(100) CHARACTER SET utf8mb4 COLLATE utf8mb4_0900_ai_ci NULL DEFAULT NULL COMMENT 'еӨ§е°Ҹ',
  `date_group` varchar(255) CHARACTER SET utf8mb4 COLLATE utf8mb4_0900_ai_ci NULL DEFAULT NULL COMMENT 'ж—ҘжңҹеҲҶз»„',
  `create_by` varchar(255) CHARACTER SET utf8mb4 COLLATE utf8mb4_0900_ai_ci NULL DEFAULT NULL COMMENT 'еҲӣе»әиҖ…',
  `update_by` varchar(255) CHARACTER SET utf8mb4 COLLATE utf8mb4_0900_ai_ci NULL DEFAULT NULL COMMENT 'жӣҙж–°иҖ…',
  `create_time` datetime NULL DEFAULT NULL COMMENT 'еҲӣе»әж—Ҙжңҹ',
  `update_time` datetime NULL DEFAULT NULL COMMENT 'жӣҙж–°ж—¶й—ҙ',
  PRIMARY KEY (`id`) USING BTREE
) ENGINE = InnoDB CHARACTER SET = utf8mb4 COLLATE = utf8mb4_0900_ai_ci COMMENT = 'жң¬ең°еӯҳеӮЁ' ROW_FORMAT = Dynamic;

-- ----------------------------
-- Records of system_local_storage
-- ----------------------------

-- ----------------------------
-- Table structure for system_menu
-- ----------------------------
DROP TABLE IF EXISTS `system_menu`;
CREATE TABLE `system_menu`  (
  `menu_id` bigint NOT NULL AUTO_INCREMENT COMMENT 'ID',
  `pid` bigint NULL DEFAULT NULL COMMENT 'дёҠзә§иҸңеҚ•ID',
  `sub_count` int NULL DEFAULT 0 COMMENT 'еӯҗиҸңеҚ•ж•°зӣ®',
  `type` int NULL DEFAULT NULL COMMENT 'иҸңеҚ•зұ»еһӢ',
  `title` varchar(100) CHARACTER SET utf8mb4 COLLATE utf8mb4_0900_ai_ci NULL DEFAULT NULL COMMENT 'иҸңеҚ•ж Үйўҳ',
  `name` varchar(100) CHARACTER SET utf8mb4 COLLATE utf8mb4_0900_ai_ci NULL DEFAULT NULL COMMENT 'з»„д»¶еҗҚз§°',
  `component` varchar(255) CHARACTER SET utf8mb4 COLLATE utf8mb4_0900_ai_ci NULL DEFAULT NULL COMMENT 'з»„д»¶',
  `menu_sort` int NULL DEFAULT NULL COMMENT 'жҺ’еәҸ',
  `icon` varchar(255) CHARACTER SET utf8mb4 COLLATE utf8mb4_0900_ai_ci NULL DEFAULT NULL COMMENT 'еӣҫж Ү',
  `path` varchar(255) CHARACTER SET utf8mb4 COLLATE utf8mb4_0900_ai_ci NULL DEFAULT NULL COMMENT 'й“ҫжҺҘең°еқҖ',
  `i_frame` bit(1) NULL DEFAULT NULL COMMENT 'жҳҜеҗҰеӨ–й“ҫ',
  `cache` bit(1) NULL DEFAULT b'0' COMMENT 'зј“еӯҳ',
  `hidden` bit(1) NULL DEFAULT b'0' COMMENT 'йҡҗи—Ҹ',
  `permission` varchar(255) CHARACTER SET utf8mb4 COLLATE utf8mb4_0900_ai_ci NULL DEFAULT NULL COMMENT 'жқғйҷҗ',
  `create_by` varchar(255) CHARACTER SET utf8mb4 COLLATE utf8mb4_0900_ai_ci NULL DEFAULT NULL COMMENT 'еҲӣе»әиҖ…',
  `update_by` varchar(255) CHARACTER SET utf8mb4 COLLATE utf8mb4_0900_ai_ci NULL DEFAULT NULL COMMENT 'жӣҙж–°иҖ…',
  `create_time` datetime NULL DEFAULT NULL COMMENT 'еҲӣе»әж—Ҙжңҹ',
  `update_time` datetime NULL DEFAULT NULL COMMENT 'жӣҙж–°ж—¶й—ҙ',
  PRIMARY KEY (`menu_id`) USING BTREE,
  UNIQUE INDEX `uniq_name`(`name` ASC) USING BTREE,
  UNIQUE INDEX `uniq_title`(`title` ASC) USING BTREE,
  INDEX `idx_pid`(`pid` ASC) USING BTREE,
  INDEX `idx_sys_menu_menu_id`(`menu_id` ASC) USING BTREE
) ENGINE = InnoDB AUTO_INCREMENT = 165 CHARACTER SET = utf8mb4 COLLATE = utf8mb4_0900_ai_ci COMMENT = 'зі»з»ҹиҸңеҚ•' ROW_FORMAT = Dynamic;

-- ----------------------------
-- Records of system_menu
-- ----------------------------
INSERT INTO `system_menu` VALUES (1, NULL, 9, 0, 'зі»з»ҹз®ЎзҗҶ', NULL, NULL, 10, 'system', 'system', b'0', b'0', b'0', NULL, 'admin', 'admin', '2021-03-20 22:04:13', '2021-03-20 22:04:13');
INSERT INTO `system_menu` VALUES (2, 1, 3, 1, 'з”ЁжҲ·з®ЎзҗҶ', 'User', 'system/user/index', 2, 'peoples', 'user', b'0', b'0', b'0', 'user:list', 'admin', 'admin', '2021-03-20 22:04:13', '2021-03-20 22:04:13');
INSERT INTO `system_menu` VALUES (3, 1, 3, 1, 'и§’иүІз®ЎзҗҶ', 'Role', 'system/role/index', 3, 'role', 'role', b'0', b'0', b'0', 'roles:list', 'admin', 'admin', '2021-03-20 22:04:13', '2021-03-20 22:04:13');
INSERT INTO `system_menu` VALUES (5, 1, 3, 1, 'иҸңеҚ•з®ЎзҗҶ', 'Menu', 'system/menu/index', 5, 'menu', 'menu', b'0', b'0', b'0', 'menu:list', 'admin', 'admin', '2021-03-20 22:04:13', '2021-03-20 22:04:13');
INSERT INTO `system_menu` VALUES (6, 1, 3, 0, 'зі»з»ҹзӣ‘жҺ§', NULL, NULL, 11, 'monitor', 'monitor', b'0', b'0', b'0', NULL, 'admin', 'admin', '2021-03-20 22:04:13', '2021-03-20 22:04:13');
INSERT INTO `system_menu` VALUES (9, 6, 0, 1, 'SQLзӣ‘жҺ§', 'DruidSqlConsole', 'system/druidSql/index', 18, 'sqlMonitor', 'druid-console', b'0', b'0', b'0', NULL, 'admin', 'admin', '2021-03-20 22:04:13', '2021-03-20 22:04:13');
INSERT INTO `system_menu` VALUES (14, 36, 0, 1, 'йӮ®д»¶е·Ҙе…·', 'Email', 'system/email/index', 35, 'email', 'email', b'0', b'0', b'0', NULL, 'admin', 'admin', '2021-03-20 22:04:13', '2021-03-20 22:04:13');
INSERT INTO `system_menu` VALUES (18, 36, 3, 1, 'еӯҳеӮЁз®ЎзҗҶ', 'Storage', 'system/storage/index', 34, 'qiniu', 'storage', b'0', b'0', b'0', 'storage:list', 'admin', 'admin', '2021-03-20 22:04:13', '2021-03-20 22:04:13');
INSERT INTO `system_menu` VALUES (21, NULL, 2, 0, 'жј”зӨә:еӨҡзә§иҸңеҚ•', NULL, '', 999, 'document', 'nested', b'0', b'0', b'0', NULL, 'admin', 'admin', '2021-03-20 22:04:13', '2021-03-20 22:04:13');
INSERT INTO `system_menu` VALUES (22, 21, 2, 0, 'дәҢзә§иҸңеҚ•1', NULL, '', 999, 'menu', 'menu1', b'0', b'0', b'0', NULL, 'admin', 'admin', '2021-03-20 22:04:13', '2021-03-20 22:04:13');
INSERT INTO `system_menu` VALUES (23, 21, 0, 1, 'дәҢзә§иҸңеҚ•2', NULL, 'nested/menu2/index', 999, 'menu', 'menu2', b'0', b'0', b'0', NULL, 'admin', 'admin', '2021-03-20 22:04:13', '2021-03-20 22:04:13');
INSERT INTO `system_menu` VALUES (24, 22, 0, 1, 'дёүзә§иҸңеҚ•1', 'Test', 'nested/menu1/menu1-1', 999, 'menu', 'menu1-1', b'0', b'0', b'0', NULL, 'admin', 'admin', '2021-03-20 22:04:13', '2021-03-20 22:04:13');
INSERT INTO `system_menu` VALUES (27, 22, 0, 1, 'дёүзә§иҸңеҚ•2', NULL, 'nested/menu1/menu1-2', 999, 'menu', 'menu1-2', b'0', b'0', b'0', NULL, 'admin', 'admin', '2021-03-20 22:04:13', '2021-03-20 22:04:13');
INSERT INTO `system_menu` VALUES (28, 1, 3, 1, 'д»»еҠЎи°ғеәҰ', 'QuartzJob', 'system/quartzJob/index', 9, 'timing', 'quartz-job', b'0', b'0', b'0', 'quartzJob:list', 'admin', 'admin', '2021-03-20 22:04:13', '2021-03-20 22:04:13');
INSERT INTO `system_menu` VALUES (35, 1, 3, 1, 'йғЁй—Ёз®ЎзҗҶ', 'Dept', 'system/dept/index', 6, 'dept', 'dept', b'0', b'0', b'0', 'dept:list', 'admin', 'admin', '2021-03-20 22:04:13', '2021-03-20 22:04:13');
INSERT INTO `system_menu` VALUES (36, 1, 2, 0, 'зі»з»ҹе·Ҙе…·', NULL, '', 10, 'sys-tools', 'sys-tools', b'0', b'0', b'0', NULL, 'admin', 'admin', '2021-03-20 22:04:13', '2021-03-20 22:04:13');
INSERT INTO `system_menu` VALUES (37, 1, 3, 1, 'еІ—дҪҚз®ЎзҗҶ', 'Job', 'system/job/index', 7, 'Steve-Jobs', 'job', b'0', b'0', b'0', 'job:list', 'admin', 'admin', '2021-03-20 22:04:13', '2021-03-20 22:04:13');
INSERT INTO `system_menu` VALUES (39, 1, 3, 1, 'еӯ—е…ёз®ЎзҗҶ', 'Dict', 'system/dict/index', 8, 'dictionary', 'dict', b'0', b'0', b'0', 'dict:list', 'admin', 'admin', '2021-03-20 22:04:13', '2021-03-20 22:04:13');
INSERT INTO `system_menu` VALUES (41, 6, 0, 1, 'еңЁзәҝз”ЁжҲ·', 'OnlineUser', 'system/online/index', 10, 'Steve-Jobs', 'online', b'0', b'0', b'0', NULL, 'admin', 'admin', '2021-03-20 22:04:13', '2021-03-20 22:04:13');
INSERT INTO `system_menu` VALUES (44, 2, 0, 2, 'з”ЁжҲ·ж–°еўһ', NULL, '', 2, '', '', b'0', b'0', b'0', 'user:add', 'admin', 'admin', '2021-03-20 22:04:13', '2021-03-20 22:04:13');
INSERT INTO `system_menu` VALUES (45, 2, 0, 2, 'з”ЁжҲ·зј–иҫ‘', NULL, '', 3, '', '', b'0', b'0', b'0', 'user:edit', 'admin', 'admin', '2021-03-20 22:04:13', '2021-03-20 22:04:13');
INSERT INTO `system_menu` VALUES (46, 2, 0, 2, 'з”ЁжҲ·еҲ йҷӨ', NULL, '', 4, '', '', b'0', b'0', b'0', 'user:del', 'admin', 'admin', '2021-03-20 22:04:13', '2021-03-20 22:04:13');
INSERT INTO `system_menu` VALUES (48, 3, 0, 2, 'и§’иүІеҲӣе»ә', NULL, '', 2, '', '', b'0', b'0', b'0', 'roles:add', 'admin', 'admin', '2021-03-20 22:04:13', '2021-03-20 22:04:13');
INSERT INTO `system_menu` VALUES (49, 3, 0, 2, 'и§’иүІдҝ®ж”№', NULL, '', 3, '', '', b'0', b'0', b'0', 'roles:edit', 'admin', 'admin', '2021-03-20 22:04:13', '2021-03-20 22:04:13');
INSERT INTO `system_menu` VALUES (50, 3, 0, 2, 'и§’иүІеҲ йҷӨ', NULL, '', 4, '', '', b'0', b'0', b'0', 'roles:del', 'admin', 'admin', '2021-03-20 22:04:13', '2021-03-20 22:04:13');
INSERT INTO `system_menu` VALUES (52, 5, 0, 2, 'иҸңеҚ•ж–°еўһ', NULL, '', 2, '', '', b'0', b'0', b'0', 'menu:add', 'admin', 'admin', '2021-03-20 22:04:13', '2021-03-20 22:04:13');
INSERT INTO `system_menu` VALUES (53, 5, 0, 2, 'иҸңеҚ•зј–иҫ‘', NULL, '', 3, '', '', b'0', b'0', b'0', 'menu:edit', 'admin', 'admin', '2021-03-20 22:04:13', '2021-03-20 22:04:13');
INSERT INTO `system_menu` VALUES (54, 5, 0, 2, 'иҸңеҚ•еҲ йҷӨ', NULL, '', 4, '', '', b'0', b'0', b'0', 'menu:del', 'admin', 'admin', '2021-03-20 22:04:13', '2021-03-20 22:04:13');
INSERT INTO `system_menu` VALUES (56, 35, 0, 2, 'йғЁй—Ёж–°еўһ', NULL, '', 2, '', '', b'0', b'0', b'0', 'dept:add', 'admin', 'admin', '2021-03-20 22:04:13', '2021-03-20 22:04:13');
INSERT INTO `system_menu` VALUES (57, 35, 0, 2, 'йғЁй—Ёзј–иҫ‘', NULL, '', 3, '', '', b'0', b'0', b'0', 'dept:edit', 'admin', 'admin', '2021-03-20 22:04:13', '2021-03-20 22:04:13');
INSERT INTO `system_menu` VALUES (58, 35, 0, 2, 'йғЁй—ЁеҲ йҷӨ', NULL, '', 4, '', '', b'0', b'0', b'0', 'dept:del', 'admin', 'admin', '2021-03-20 22:04:13', '2021-03-20 22:04:13');
INSERT INTO `system_menu` VALUES (60, 37, 0, 2, 'еІ—дҪҚж–°еўһ', NULL, '', 2, '', '', b'0', b'0', b'0', 'job:add', 'admin', 'admin', '2021-03-20 22:04:13', '2021-03-20 22:04:13');
INSERT INTO `system_menu` VALUES (61, 37, 0, 2, 'еІ—дҪҚзј–иҫ‘', NULL, '', 3, '', '', b'0', b'0', b'0', 'job:edit', 'admin', 'admin', '2021-03-20 22:04:13', '2021-03-20 22:04:13');
INSERT INTO `system_menu` VALUES (62, 37, 0, 2, 'еІ—дҪҚеҲ йҷӨ', NULL, '', 4, '', '', b'0', b'0', b'0', 'job:del', 'admin', 'admin', '2021-03-20 22:04:13', '2021-03-20 22:04:13');
INSERT INTO `system_menu` VALUES (64, 39, 0, 2, 'еӯ—е…ёж–°еўһ', NULL, '', 2, '', '', b'0', b'0', b'0', 'dict:add', 'admin', 'admin', '2021-03-20 22:04:13', '2021-03-20 22:04:13');
INSERT INTO `system_menu` VALUES (65, 39, 0, 2, 'еӯ—е…ёзј–иҫ‘', NULL, '', 3, '', '', b'0', b'0', b'0', 'dict:edit', 'admin', 'admin', '2021-03-20 22:04:13', '2021-03-20 22:04:13');
INSERT INTO `system_menu` VALUES (66, 39, 0, 2, 'еӯ—е…ёеҲ йҷӨ', NULL, '', 4, '', '', b'0', b'0', b'0', 'dict:del', 'admin', 'admin', '2021-03-20 22:04:13', '2021-03-20 22:04:13');
INSERT INTO `system_menu` VALUES (73, 28, 0, 2, 'д»»еҠЎж–°еўһ', NULL, '', 2, '', '', b'0', b'0', b'0', 'quartzJob:add', 'admin', 'admin', '2021-03-20 22:04:13', '2021-03-20 22:04:13');
INSERT INTO `system_menu` VALUES (74, 28, 0, 2, 'д»»еҠЎзј–иҫ‘', NULL, '', 3, '', '', b'0', b'0', b'0', 'quartzJob:edit', 'admin', 'admin', '2021-03-20 22:04:13', '2021-03-20 22:04:13');
INSERT INTO `system_menu` VALUES (75, 28, 0, 2, 'д»»еҠЎеҲ йҷӨ', NULL, '', 4, '', '', b'0', b'0', b'0', 'quartzJob:del', 'admin', 'admin', '2021-03-20 22:04:13', '2021-03-20 22:04:13');
INSERT INTO `system_menu` VALUES (77, 18, 0, 2, 'дёҠдј ж–Үд»¶', NULL, '', 2, '', '', b'0', b'0', b'0', 'storage:add', 'admin', 'admin', '2021-03-20 22:04:13', '2021-03-20 22:04:13');
INSERT INTO `system_menu` VALUES (78, 18, 0, 2, 'ж–Үд»¶зј–иҫ‘', NULL, '', 3, '', '', b'0', b'0', b'0', 'storage:edit', 'admin', 'admin', '2021-03-20 22:04:13', '2021-03-20 22:04:13');
INSERT INTO `system_menu` VALUES (79, 18, 0, 2, 'ж–Үд»¶еҲ йҷӨ', NULL, '', 4, '', '', b'0', b'0', b'0', 'storage:del', 'admin', 'admin', '2021-03-20 22:04:13', '2021-03-20 22:04:13');
INSERT INTO `system_menu` VALUES (80, 6, 0, 1, 'жңҚеҠЎзӣ‘жҺ§', 'ServerMonitor', 'system/server/index', 14, 'codeConsole', 'server', b'0', b'0', b'0', 'monitor:list', 'admin', 'admin', '2021-03-20 22:04:13', '2021-03-20 22:04:13');
INSERT INTO `system_menu` VALUES (159, NULL, 5, 0, 'зі»з»ҹз»„д»¶', NULL, NULL, 12, 'crm', 'syscom', b'0', b'0', b'0', NULL, 'admin', 'admin', '2021-03-20 22:04:13', '2021-03-20 22:04:13');
INSERT INTO `system_menu` VALUES (160, 159, 0, 1, 'еҹәзЎҖз»„д»¶', 'ComponentsDemoDev', 'componentsDemo/dev/index', 1, 'crm', 'dev', b'0', b'0', b'0', NULL, 'admin', 'admin', '2021-03-20 22:04:13', '2021-03-20 22:04:13');
INSERT INTO `system_menu` VALUES (161, 159, 0, 1, 'еҝ«жҚ·з»„д»¶', 'ComponentsDemoUtil', 'componentsDemo/util/index', 2, 'crm', 'util', b'0', b'0', b'0', NULL, 'admin', 'admin', '2021-03-20 22:04:13', '2021-03-20 22:04:13');
INSERT INTO `system_menu` VALUES (162, 159, 0, 1, 'дёҡеҠЎз»„д»¶', 'ComponentsDemoBusiness', 'componentsDemo/business/index', 3, 'crm', 'business', b'0', b'0', b'0', NULL, 'admin', 'admin', '2021-03-20 22:04:13', '2021-03-20 22:04:13');
INSERT INTO `system_menu` VALUES (163, 159, 0, 1, 'й«ҳзә§з»„д»¶', 'ComponentsDemoAdvanced', 'componentsDemo/advanced/index', 4, 'crm', 'advanced', b'0', b'0', b'0', NULL, 'admin', 'admin', '2021-03-20 22:04:13', '2021-03-20 22:04:13');
INSERT INTO `system_menu` VALUES (164, 159, 0, 1, 'жөҒж°ҙзәҝз»„д»¶', 'ComponentsDemoPipeline', 'componentsDemo/pipeline/index', 5, 'crm', 'pipeline', b'0', b'0', b'0', NULL, 'admin', 'admin', '2026-03-06 20:06:09', '2026-03-06 20:09:22');

-- ----------------------------
-- Table structure for system_operation_log
-- ----------------------------
DROP TABLE IF EXISTS `system_operation_log`;
CREATE TABLE `system_operation_log`  (
  `id` bigint NOT NULL AUTO_INCREMENT COMMENT 'id',
  `biz_name` varchar(255) CHARACTER SET utf8mb4 COLLATE utf8mb4_0900_ai_ci NULL DEFAULT NULL,
  `method` varchar(255) CHARACTER SET utf8mb4 COLLATE utf8mb4_0900_ai_ci NULL DEFAULT NULL,
  `params` text CHARACTER SET utf8mb4 COLLATE utf8mb4_0900_ai_ci NULL,
  `request_ip` varchar(255) CHARACTER SET utf8mb4 COLLATE utf8mb4_0900_ai_ci NULL DEFAULT NULL,
  `execute_time` bigint NULL DEFAULT NULL,
  `username` varchar(255) CHARACTER SET utf8mb4 COLLATE utf8mb4_0900_ai_ci NULL DEFAULT NULL,
  `address` varchar(255) CHARACTER SET utf8mb4 COLLATE utf8mb4_0900_ai_ci NULL DEFAULT NULL,
  `browser_info` varchar(255) CHARACTER SET utf8mb4 COLLATE utf8mb4_0900_ai_ci NULL DEFAULT NULL,
  `exception_detail` text CHARACTER SET utf8mb4 COLLATE utf8mb4_0900_ai_ci NULL,
  `create_time` datetime NOT NULL,
  PRIMARY KEY (`id`) USING BTREE
) ENGINE = InnoDB AUTO_INCREMENT = 5 CHARACTER SET = utf8mb4 COLLATE = utf8mb4_0900_ai_ci COMMENT = 'е®Ўи®Ўж—Ҙеҝ—' ROW_FORMAT = Dynamic;

-- ----------------------------
-- Records of system_operation_log
-- ----------------------------
INSERT INTO `system_operation_log` VALUES (1, 'еҶҷжі•3пјҡжҹҘиҜўеҠЁжҖҒж•°жҚ®', 'cn.odboy.system.features.CuteDynamicTableDemoApi.searchMenu3()', '[{\"args\":{\"blurry\":\"\"},\"page\":1,\"size\":10}]', '61.171.197.67', 198, 'admin', 'дёӯеӣҪдёҠжө·дёҠжө·еёӮ', 'Chrome 146', NULL, '2026-04-19 08:15:34');
INSERT INTO `system_operation_log` VALUES (2, 'еҶҷжі•3пјҡжҹҘиҜўеҠЁжҖҒж•°жҚ®', 'cn.odboy.system.features.CuteDynamicTableDemoApi.searchMenu3()', '[{\"args\":{\"blurry\":\"\"},\"page\":1,\"size\":10}]', '61.171.197.67', 162, 'admin', 'дёӯеӣҪдёҠжө·дёҠжө·еёӮ', 'Chrome 146', NULL, '2026-04-19 08:15:34');
INSERT INTO `system_operation_log` VALUES (3, 'еҶҷжі•3пјҡжҹҘиҜўеҠЁжҖҒж•°жҚ®', 'cn.odboy.system.features.CuteDynamicTableDemoApi.searchMenu3()', '[{\"args\":{\"blurry\":\"\"},\"page\":1,\"size\":10}]', '61.171.197.67', 43, 'admin', 'дёӯеӣҪдёҠжө·дёҠжө·еёӮ', 'Chrome 146', NULL, '2026-04-19 08:15:34');
INSERT INTO `system_operation_log` VALUES (4, 'еҶҷжі•3пјҡжҹҘиҜўеҠЁжҖҒж•°жҚ®', 'cn.odboy.system.features.CuteDynamicTableDemoApi.searchMenu3()', '[{\"args\":{\"blurry\":\"\"},\"page\":1,\"size\":10}]', '61.171.197.67', 46, 'admin', 'дёӯеӣҪдёҠжө·дёҠжө·еёӮ', 'Chrome 146', NULL, '2026-04-19 08:15:34');

-- ----------------------------
-- Table structure for system_oss_storage
-- ----------------------------
DROP TABLE IF EXISTS `system_oss_storage`;
CREATE TABLE `system_oss_storage`  (
  `id` bigint NOT NULL AUTO_INCREMENT COMMENT 'ID',
  `create_by` varchar(255) CHARACTER SET utf8mb4 COLLATE utf8mb4_0900_ai_ci NULL DEFAULT NULL COMMENT 'еҲӣе»әиҖ…',
  `update_by` varchar(255) CHARACTER SET utf8mb4 COLLATE utf8mb4_0900_ai_ci NULL DEFAULT NULL COMMENT 'жӣҙж–°иҖ…',
  `create_time` datetime NULL DEFAULT NULL COMMENT 'еҲӣе»әж—Ҙжңҹ',
  `update_time` datetime NULL DEFAULT NULL COMMENT 'жӣҙж–°ж—¶й—ҙ',
  `service_type` varchar(255) CHARACTER SET utf8mb4 COLLATE utf8mb4_0900_ai_ci NULL DEFAULT NULL COMMENT 'зұ»еһӢпјҢжҜ”еҰӮminio',
  `endpoint` varchar(255) CHARACTER SET utf8mb4 COLLATE utf8mb4_0900_ai_ci NULL DEFAULT NULL COMMENT 'жңҚеҠЎең°еқҖ',
  `bucket_name` varchar(255) CHARACTER SET utf8mb4 COLLATE utf8mb4_0900_ai_ci NULL DEFAULT NULL COMMENT 'еӯҳеӮЁжЎ¶еҗҚз§°',
  `file_name` varchar(255) CHARACTER SET utf8mb4 COLLATE utf8mb4_0900_ai_ci NULL DEFAULT NULL COMMENT 'е®Ңж•ҙж–Үд»¶еҗҚз§°',
  `file_size` bigint NULL DEFAULT NULL COMMENT 'ж–Үд»¶еӨ§е°Ҹ, еҚ•дҪҚпјҡеӯ—иҠӮ',
  `file_mime` varchar(255) CHARACTER SET utf8mb4 COLLATE utf8mb4_0900_ai_ci NULL DEFAULT NULL COMMENT 'ж–Үд»¶зұ»еһӢ',
  `file_prefix` varchar(255) CHARACTER SET utf8mb4 COLLATE utf8mb4_0900_ai_ci NULL DEFAULT NULL COMMENT 'зҹӯж–Үд»¶еҗҚ',
  `file_suffix` varchar(255) CHARACTER SET utf8mb4 COLLATE utf8mb4_0900_ai_ci NULL DEFAULT NULL COMMENT 'ж–Үд»¶еҗҺзјҖ',
  `file_md5` varchar(255) CHARACTER SET utf8mb4 COLLATE utf8mb4_0900_ai_ci NULL DEFAULT NULL COMMENT 'ж–Үд»¶md5',
  `file_url` text CHARACTER SET utf8mb4 COLLATE utf8mb4_0900_ai_ci NULL COMMENT 'ж–Үд»¶й“ҫжҺҘ',
  `file_code` varchar(255) CHARACTER SET utf8mb4 COLLATE utf8mb4_0900_ai_ci NULL DEFAULT NULL COMMENT 'ж–Үд»¶зј–з Ғ',
  `object_name` varchar(255) CHARACTER SET utf8mb4 COLLATE utf8mb4_0900_ai_ci NULL DEFAULT NULL COMMENT 'еҜ№иұЎи·Ҝеҫ„',
  PRIMARY KEY (`id`) USING BTREE,
  UNIQUE INDEX `udx_filemd5`(`file_md5` ASC) USING BTREE
) ENGINE = InnoDB CHARACTER SET = utf8mb4 COLLATE = utf8mb4_0900_ai_ci COMMENT = 'OSSеӯҳеӮЁ' ROW_FORMAT = Dynamic;

-- ----------------------------
-- Records of system_oss_storage
-- ----------------------------

-- ----------------------------
-- Table structure for system_quartz_job
-- ----------------------------
DROP TABLE IF EXISTS `system_quartz_job`;
CREATE TABLE `system_quartz_job`  (
  `id` bigint NOT NULL AUTO_INCREMENT COMMENT 'ID',
  `bean_name` varchar(255) CHARACTER SET utf8mb4 COLLATE utf8mb4_0900_ai_ci NULL DEFAULT NULL COMMENT 'Spring BeanеҗҚз§°',
  `cron_expression` varchar(255) CHARACTER SET utf8mb4 COLLATE utf8mb4_0900_ai_ci NULL DEFAULT NULL COMMENT 'cron иЎЁиҫҫејҸ',
  `is_pause` bit(1) NULL DEFAULT NULL COMMENT 'зҠ¶жҖҒпјҡ1жҡӮеҒңгҖҒ0еҗҜз”Ё',
  `job_name` varchar(255) CHARACTER SET utf8mb4 COLLATE utf8mb4_0900_ai_ci NULL DEFAULT NULL COMMENT 'д»»еҠЎеҗҚз§°',
  `method_name` varchar(255) CHARACTER SET utf8mb4 COLLATE utf8mb4_0900_ai_ci NULL DEFAULT NULL COMMENT 'ж–№жі•еҗҚз§°',
  `params` varchar(255) CHARACTER SET utf8mb4 COLLATE utf8mb4_0900_ai_ci NULL DEFAULT NULL COMMENT 'еҸӮж•°',
  `description` varchar(255) CHARACTER SET utf8mb4 COLLATE utf8mb4_0900_ai_ci NULL DEFAULT NULL COMMENT 'еӨҮжіЁ',
  `person_in_charge` varchar(100) CHARACTER SET utf8mb4 COLLATE utf8mb4_0900_ai_ci NULL DEFAULT NULL COMMENT 'иҙҹиҙЈдәә',
  `email` varchar(100) CHARACTER SET utf8mb4 COLLATE utf8mb4_0900_ai_ci NULL DEFAULT NULL COMMENT 'жҠҘиӯҰйӮ®з®ұ',
  `sub_task` varchar(100) CHARACTER SET utf8mb4 COLLATE utf8mb4_0900_ai_ci NULL DEFAULT NULL COMMENT 'еӯҗд»»еҠЎID',
  `pause_after_failure` bit(1) NULL DEFAULT NULL COMMENT 'д»»еҠЎеӨұиҙҘеҗҺжҳҜеҗҰжҡӮеҒң',
  `create_by` varchar(255) CHARACTER SET utf8mb4 COLLATE utf8mb4_0900_ai_ci NULL DEFAULT NULL COMMENT 'еҲӣе»әиҖ…',
  `update_by` varchar(255) CHARACTER SET utf8mb4 COLLATE utf8mb4_0900_ai_ci NULL DEFAULT NULL COMMENT 'жӣҙж–°иҖ…',
  `create_time` datetime NULL DEFAULT NULL COMMENT 'еҲӣе»әж—Ҙжңҹ',
  `update_time` datetime NULL DEFAULT NULL COMMENT 'жӣҙж–°ж—¶й—ҙ',
  PRIMARY KEY (`id`) USING BTREE,
  INDEX `idx_is_pause`(`is_pause` ASC) USING BTREE
) ENGINE = InnoDB AUTO_INCREMENT = 7 CHARACTER SET = utf8mb4 COLLATE = utf8mb4_0900_ai_ci COMMENT = 'е®ҡж—¶д»»еҠЎ' ROW_FORMAT = Dynamic;

-- ----------------------------
-- Records of system_quartz_job
-- ----------------------------
INSERT INTO `system_quartz_job` VALUES (2, 'testTask', '0/5 * * * * ?', b'1', 'жөӢиҜ•1', 'run1', 'test', 'еёҰеҸӮжөӢиҜ•пјҢеӨҡеҸӮдҪҝз”Ёjson', 'жөӢиҜ•', NULL, NULL, NULL, 'admin', 'admin', '2021-03-20 22:04:13', '2021-03-20 22:04:13');
INSERT INTO `system_quartz_job` VALUES (3, 'testTask', '0/5 * * * * ?', b'1', 'жөӢиҜ•', 'run', '', 'дёҚеёҰеҸӮжөӢиҜ•', 'жөӢиҜ•', '', '6', b'1', 'admin', 'admin', '2021-03-20 22:04:13', '2021-03-20 22:04:13');

-- ----------------------------
-- Table structure for system_quartz_log
-- ----------------------------
DROP TABLE IF EXISTS `system_quartz_log`;
CREATE TABLE `system_quartz_log`  (
  `id` bigint NOT NULL AUTO_INCREMENT COMMENT 'ID',
  `bean_name` varchar(255) CHARACTER SET utf8mb4 COLLATE utf8mb4_0900_ai_ci NULL DEFAULT NULL COMMENT 'BeanеҗҚз§°',
  `cron_expression` varchar(255) CHARACTER SET utf8mb4 COLLATE utf8mb4_0900_ai_ci NULL DEFAULT NULL COMMENT 'cron иЎЁиҫҫејҸ',
  `is_success` bit(1) NULL DEFAULT NULL COMMENT 'жҳҜеҗҰжү§иЎҢжҲҗеҠҹ',
  `job_name` varchar(255) CHARACTER SET utf8mb4 COLLATE utf8mb4_0900_ai_ci NULL DEFAULT NULL COMMENT 'д»»еҠЎеҗҚз§°',
  `method_name` varchar(255) CHARACTER SET utf8mb4 COLLATE utf8mb4_0900_ai_ci NULL DEFAULT NULL COMMENT 'ж–№жі•еҗҚз§°',
  `params` varchar(255) CHARACTER SET utf8mb4 COLLATE utf8mb4_0900_ai_ci NULL DEFAULT NULL COMMENT 'еҸӮж•°',
  `time` bigint NULL DEFAULT NULL COMMENT 'жү§иЎҢиҖ—ж—¶',
  `exception_detail` text CHARACTER SET utf8mb4 COLLATE utf8mb4_0900_ai_ci NULL COMMENT 'ејӮеёёиҜҰжғ…',
  `create_time` datetime NULL DEFAULT NULL COMMENT 'еҲӣе»әж—¶й—ҙ',
  PRIMARY KEY (`id`) USING BTREE
) ENGINE = InnoDB CHARACTER SET = utf8mb4 COLLATE = utf8mb4_0900_ai_ci COMMENT = 'е®ҡж—¶д»»еҠЎж—Ҙеҝ—' ROW_FORMAT = Dynamic;

-- ----------------------------
-- Records of system_quartz_log
-- ----------------------------

-- ----------------------------
-- Table structure for system_role
-- ----------------------------
DROP TABLE IF EXISTS `system_role`;
CREATE TABLE `system_role`  (
  `role_id` bigint NOT NULL AUTO_INCREMENT COMMENT 'ID',
  `name` varchar(100) CHARACTER SET utf8mb4 COLLATE utf8mb4_0900_ai_ci NOT NULL COMMENT 'еҗҚз§°',
  `level` int NULL DEFAULT NULL COMMENT 'и§’иүІзә§еҲ«',
  `description` varchar(255) CHARACTER SET utf8mb4 COLLATE utf8mb4_0900_ai_ci NULL DEFAULT NULL COMMENT 'жҸҸиҝ°',
  `data_scope` varchar(255) CHARACTER SET utf8mb4 COLLATE utf8mb4_0900_ai_ci NULL DEFAULT NULL COMMENT 'ж•°жҚ®жқғйҷҗ',
  `create_by` varchar(255) CHARACTER SET utf8mb4 COLLATE utf8mb4_0900_ai_ci NULL DEFAULT NULL COMMENT 'еҲӣе»әиҖ…',
  `update_by` varchar(255) CHARACTER SET utf8mb4 COLLATE utf8mb4_0900_ai_ci NULL DEFAULT NULL COMMENT 'жӣҙж–°иҖ…',
  `create_time` datetime NULL DEFAULT NULL COMMENT 'еҲӣе»әж—Ҙжңҹ',
  `update_time` datetime NULL DEFAULT NULL COMMENT 'жӣҙж–°ж—¶й—ҙ',
  PRIMARY KEY (`role_id`) USING BTREE,
  UNIQUE INDEX `uniq_name`(`name` ASC) USING BTREE,
  INDEX `idx_level`(`level` ASC) USING BTREE,
  INDEX `idx_sys_role_level`(`level` ASC) USING BTREE
) ENGINE = InnoDB AUTO_INCREMENT = 8 CHARACTER SET = utf8mb4 COLLATE = utf8mb4_0900_ai_ci COMMENT = 'и§’иүІиЎЁ' ROW_FORMAT = Dynamic;

-- ----------------------------
-- Records of system_role
-- ----------------------------
INSERT INTO `system_role` VALUES (1, 'и¶…зә§з®ЎзҗҶе‘ҳ', 1, '6666', 'е…ЁйғЁ', 'admin', 'admin', '2021-03-20 22:04:13', '2021-03-20 22:04:13');
INSERT INTO `system_role` VALUES (2, 'жҷ®йҖҡз”ЁжҲ·', 2, '-', 'жң¬зә§', 'admin', 'admin', '2021-03-20 22:04:13', '2021-03-20 22:04:13');

-- ----------------------------
-- Table structure for system_roles_depts
-- ----------------------------
DROP TABLE IF EXISTS `system_roles_depts`;
CREATE TABLE `system_roles_depts`  (
  `role_id` bigint NOT NULL COMMENT 'и§’иүІID',
  `dept_id` bigint NOT NULL COMMENT 'йғЁй—ЁID',
  PRIMARY KEY (`role_id`, `dept_id`) USING BTREE,
  INDEX `idx_role_id`(`role_id` ASC) USING BTREE,
  INDEX `idx_dept_id`(`dept_id` ASC) USING BTREE,
  INDEX `idx_sys_roles_depts_role_dept`(`role_id` ASC, `dept_id` ASC) USING BTREE
) ENGINE = InnoDB CHARACTER SET = utf8mb4 COLLATE = utf8mb4_0900_ai_ci COMMENT = 'и§’иүІйғЁй—Ёе…іиҒ”' ROW_FORMAT = Dynamic;

-- ----------------------------
-- Records of system_roles_depts
-- ----------------------------

-- ----------------------------
-- Table structure for system_roles_menus
-- ----------------------------
DROP TABLE IF EXISTS `system_roles_menus`;
CREATE TABLE `system_roles_menus`  (
  `menu_id` bigint NOT NULL COMMENT 'иҸңеҚ•ID',
  `role_id` bigint NOT NULL COMMENT 'и§’иүІID',
  PRIMARY KEY (`menu_id`, `role_id`) USING BTREE,
  INDEX `idx_menu_id`(`menu_id` ASC) USING BTREE,
  INDEX `idx_role_id`(`role_id` ASC) USING BTREE,
  INDEX `idx_sys_roles_menus_role_menu`(`role_id` ASC, `menu_id` ASC) USING BTREE
) ENGINE = InnoDB CHARACTER SET = utf8mb4 COLLATE = utf8mb4_0900_ai_ci COMMENT = 'и§’иүІиҸңеҚ•е…іиҒ”' ROW_FORMAT = Dynamic;

-- ----------------------------
-- Records of system_roles_menus
-- ----------------------------
INSERT INTO `system_roles_menus` VALUES (1, 1);
INSERT INTO `system_roles_menus` VALUES (2, 1);
INSERT INTO `system_roles_menus` VALUES (3, 1);
INSERT INTO `system_roles_menus` VALUES (5, 1);
INSERT INTO `system_roles_menus` VALUES (6, 1);
INSERT INTO `system_roles_menus` VALUES (9, 1);
INSERT INTO `system_roles_menus` VALUES (14, 1);
INSERT INTO `system_roles_menus` VALUES (18, 1);
INSERT INTO `system_roles_menus` VALUES (21, 1);
INSERT INTO `system_roles_menus` VALUES (21, 2);
INSERT INTO `system_roles_menus` VALUES (22, 1);
INSERT INTO `system_roles_menus` VALUES (23, 1);
INSERT INTO `system_roles_menus` VALUES (24, 1);
INSERT INTO `system_roles_menus` VALUES (27, 1);
INSERT INTO `system_roles_menus` VALUES (28, 1);
INSERT INTO `system_roles_menus` VALUES (35, 1);
INSERT INTO `system_roles_menus` VALUES (36, 1);
INSERT INTO `system_roles_menus` VALUES (37, 1);
INSERT INTO `system_roles_menus` VALUES (39, 1);
INSERT INTO `system_roles_menus` VALUES (41, 1);
INSERT INTO `system_roles_menus` VALUES (44, 1);
INSERT INTO `system_roles_menus` VALUES (45, 1);
INSERT INTO `system_roles_menus` VALUES (46, 1);
INSERT INTO `system_roles_menus` VALUES (48, 1);
INSERT INTO `system_roles_menus` VALUES (49, 1);
INSERT INTO `system_roles_menus` VALUES (50, 1);
INSERT INTO `system_roles_menus` VALUES (52, 1);
INSERT INTO `system_roles_menus` VALUES (53, 1);
INSERT INTO `system_roles_menus` VALUES (54, 1);
INSERT INTO `system_roles_menus` VALUES (56, 1);
INSERT INTO `system_roles_menus` VALUES (57, 1);
INSERT INTO `system_roles_menus` VALUES (58, 1);
INSERT INTO `system_roles_menus` VALUES (60, 1);
INSERT INTO `system_roles_menus` VALUES (61, 1);
INSERT INTO `system_roles_menus` VALUES (62, 1);
INSERT INTO `system_roles_menus` VALUES (64, 1);
INSERT INTO `system_roles_menus` VALUES (65, 1);
INSERT INTO `system_roles_menus` VALUES (66, 1);
INSERT INTO `system_roles_menus` VALUES (73, 1);
INSERT INTO `system_roles_menus` VALUES (74, 1);
INSERT INTO `system_roles_menus` VALUES (75, 1);
INSERT INTO `system_roles_menus` VALUES (77, 1);
INSERT INTO `system_roles_menus` VALUES (78, 1);
INSERT INTO `system_roles_menus` VALUES (79, 1);
INSERT INTO `system_roles_menus` VALUES (80, 1);
INSERT INTO `system_roles_menus` VALUES (159, 1);
INSERT INTO `system_roles_menus` VALUES (160, 1);
INSERT INTO `system_roles_menus` VALUES (161, 1);
INSERT INTO `system_roles_menus` VALUES (162, 1);
INSERT INTO `system_roles_menus` VALUES (163, 1);
INSERT INTO `system_roles_menus` VALUES (164, 1);

-- ----------------------------
-- Table structure for system_user
-- ----------------------------
DROP TABLE IF EXISTS `system_user`;
CREATE TABLE `system_user`  (
  `user_id` bigint NOT NULL AUTO_INCREMENT COMMENT 'ID',
  `dept_id` bigint NULL DEFAULT NULL COMMENT 'йғЁй—ЁеҗҚз§°',
  `username` varchar(180) CHARACTER SET utf8mb4 COLLATE utf8mb4_0900_ai_ci NOT NULL COMMENT 'з”ЁжҲ·еҗҚ',
  `nick_name` varchar(255) CHARACTER SET utf8mb4 COLLATE utf8mb4_0900_ai_ci NOT NULL COMMENT 'жҳөз§°',
  `gender` varchar(2) CHARACTER SET utf8mb4 COLLATE utf8mb4_0900_ai_ci NULL DEFAULT NULL COMMENT 'жҖ§еҲ«',
  `phone` varchar(255) CHARACTER SET utf8mb4 COLLATE utf8mb4_0900_ai_ci NOT NULL COMMENT 'жүӢжңәеҸ·з Ғ',
  `email` varchar(180) CHARACTER SET utf8mb4 COLLATE utf8mb4_0900_ai_ci NOT NULL COMMENT 'йӮ®з®ұ',
  `avatar_name` varchar(255) CHARACTER SET utf8mb4 COLLATE utf8mb4_0900_ai_ci NULL DEFAULT NULL COMMENT 'еӨҙеғҸең°еқҖ',
  `avatar_path` varchar(255) CHARACTER SET utf8mb4 COLLATE utf8mb4_0900_ai_ci NULL DEFAULT NULL COMMENT 'еӨҙеғҸзңҹе®һи·Ҝеҫ„',
  `password` varchar(255) CHARACTER SET utf8mb4 COLLATE utf8mb4_0900_ai_ci NULL DEFAULT NULL COMMENT 'еҜҶз Ғ',
  `is_admin` bit(1) NULL DEFAULT b'0' COMMENT 'жҳҜеҗҰдёәadminиҙҰеҸ·',
  `enabled` bit(1) NULL DEFAULT NULL COMMENT 'зҠ¶жҖҒпјҡ1еҗҜз”ЁгҖҒ0зҰҒз”Ё',
  `create_by` varchar(255) CHARACTER SET utf8mb4 COLLATE utf8mb4_0900_ai_ci NULL DEFAULT NULL COMMENT 'еҲӣе»әиҖ…',
  `update_by` varchar(255) CHARACTER SET utf8mb4 COLLATE utf8mb4_0900_ai_ci NULL DEFAULT NULL COMMENT 'жӣҙж–°иҖ…',
  `pwd_reset_time` datetime NULL DEFAULT NULL COMMENT 'дҝ®ж”№еҜҶз Ғзҡ„ж—¶й—ҙ',
  `create_time` datetime NULL DEFAULT NULL COMMENT 'еҲӣе»әж—Ҙжңҹ',
  `update_time` datetime NULL DEFAULT NULL COMMENT 'жӣҙж–°ж—¶й—ҙ',
  PRIMARY KEY (`user_id`) USING BTREE,
  UNIQUE INDEX `uniq_email`(`email` ASC) USING BTREE,
  UNIQUE INDEX `uniq_username`(`username` ASC) USING BTREE,
  INDEX `idx_dept_id`(`dept_id` ASC) USING BTREE,
  INDEX `idx_enabled`(`enabled` ASC) USING BTREE,
  INDEX `uniq_phone`(`phone` ASC) USING BTREE
) ENGINE = InnoDB AUTO_INCREMENT = 105 CHARACTER SET = utf8mb4 COLLATE = utf8mb4_0900_ai_ci COMMENT = 'зі»з»ҹз”ЁжҲ·' ROW_FORMAT = Dynamic;

-- ----------------------------
-- Records of system_user
-- ----------------------------
INSERT INTO `system_user` VALUES (1, 2, 'admin', 'з®ЎзҗҶе‘ҳ', 'з”·', '18888888888', '1943815081@qq.com', '', '', '$2a$10$Egp1/gvFlt7zhlXVfEFw4OfWQCGPw0ClmMcc6FjTnvXNRVf9zdMRa', b'1', b'1', 'admin', 'admin', '2020-05-03 16:38:31', '2021-03-20 22:04:13', '2021-03-20 22:04:13');
INSERT INTO `system_user` VALUES (5, 2, 'odboy101', 'odboy101жөӢиҜ•з”ЁжҲ·', 'з”·', '18797874101', '1943815101@qq.com', NULL, NULL, '$2a$10$Egp1/gvFlt7zhlXVfEFw4OfWQCGPw0ClmMcc6FjTnvXNRVf9zdMRa', b'0', b'1', 'admin', 'admin', NULL, '2021-03-20 22:04:13', '2021-03-20 22:04:13');
INSERT INTO `system_user` VALUES (6, 2, 'odboy102', 'odboy102жөӢиҜ•з”ЁжҲ·', 'з”·', '18797874102', '1943815102@qq.com', NULL, NULL, '$2a$10$Egp1/gvFlt7zhlXVfEFw4OfWQCGPw0ClmMcc6FjTnvXNRVf9zdMRa', b'0', b'1', 'admin', 'admin', NULL, '2021-03-20 22:04:13', '2021-03-20 22:04:13');
INSERT INTO `system_user` VALUES (7, 2, 'odboy103', 'odboy103жөӢиҜ•з”ЁжҲ·', 'з”·', '18797874103', '1943815103@qq.com', NULL, NULL, '$2a$10$Egp1/gvFlt7zhlXVfEFw4OfWQCGPw0ClmMcc6FjTnvXNRVf9zdMRa', b'0', b'1', 'admin', 'admin', NULL, '2021-03-20 22:04:13', '2021-03-20 22:04:13');
INSERT INTO `system_user` VALUES (8, 2, 'odboy104', 'odboy104жөӢиҜ•з”ЁжҲ·', 'з”·', '18797874104', '1943815104@qq.com', NULL, NULL, '$2a$10$Egp1/gvFlt7zhlXVfEFw4OfWQCGPw0ClmMcc6FjTnvXNRVf9zdMRa', b'0', b'1', 'admin', 'admin', NULL, '2021-03-20 22:04:13', '2021-03-20 22:04:13');
INSERT INTO `system_user` VALUES (9, 2, 'odboy105', 'odboy105жөӢиҜ•з”ЁжҲ·', 'з”·', '18797874105', '1943815105@qq.com', NULL, NULL, '$2a$10$Egp1/gvFlt7zhlXVfEFw4OfWQCGPw0ClmMcc6FjTnvXNRVf9zdMRa', b'0', b'1', 'admin', 'admin', NULL, '2021-03-20 22:04:13', '2021-03-20 22:04:13');
INSERT INTO `system_user` VALUES (10, 2, 'odboy106', 'odboy106жөӢиҜ•з”ЁжҲ·', 'з”·', '18797874106', '1943815106@qq.com', NULL, NULL, '$2a$10$Egp1/gvFlt7zhlXVfEFw4OfWQCGPw0ClmMcc6FjTnvXNRVf9zdMRa', b'0', b'1', 'admin', 'admin', NULL, '2021-03-20 22:04:13', '2021-03-20 22:04:13');
INSERT INTO `system_user` VALUES (11, 2, 'odboy107', 'odboy107жөӢиҜ•з”ЁжҲ·', 'з”·', '18797874107', '1943815107@qq.com', NULL, NULL, '$2a$10$Egp1/gvFlt7zhlXVfEFw4OfWQCGPw0ClmMcc6FjTnvXNRVf9zdMRa', b'0', b'1', 'admin', 'admin', NULL, '2021-03-20 22:04:13', '2021-03-20 22:04:13');
INSERT INTO `system_user` VALUES (12, 2, 'odboy108', 'odboy108жөӢиҜ•з”ЁжҲ·', 'з”·', '18797874108', '1943815108@qq.com', NULL, NULL, '$2a$10$Egp1/gvFlt7zhlXVfEFw4OfWQCGPw0ClmMcc6FjTnvXNRVf9zdMRa', b'0', b'1', 'admin', 'admin', NULL, '2021-03-20 22:04:13', '2021-03-20 22:04:13');
INSERT INTO `system_user` VALUES (13, 2, 'odboy109', 'odboy109жөӢиҜ•з”ЁжҲ·', 'з”·', '18797874109', '1943815109@qq.com', NULL, NULL, '$2a$10$Egp1/gvFlt7zhlXVfEFw4OfWQCGPw0ClmMcc6FjTnvXNRVf9zdMRa', b'0', b'1', 'admin', 'admin', NULL, '2021-03-20 22:04:13', '2021-03-20 22:04:13');
INSERT INTO `system_user` VALUES (14, 2, 'odboy110', 'odboy110жөӢиҜ•з”ЁжҲ·', 'з”·', '18797874110', '1943815110@qq.com', NULL, NULL, '$2a$10$Egp1/gvFlt7zhlXVfEFw4OfWQCGPw0ClmMcc6FjTnvXNRVf9zdMRa', b'0', b'1', 'admin', 'admin', NULL, '2021-03-20 22:04:13', '2021-03-20 22:04:13');
INSERT INTO `system_user` VALUES (15, 2, 'odboy111', 'odboy111жөӢиҜ•з”ЁжҲ·', 'з”·', '18797874111', '1943815111@qq.com', NULL, NULL, '$2a$10$Egp1/gvFlt7zhlXVfEFw4OfWQCGPw0ClmMcc6FjTnvXNRVf9zdMRa', b'0', b'1', 'admin', 'admin', NULL, '2021-03-20 22:04:13', '2021-03-20 22:04:13');
INSERT INTO `system_user` VALUES (16, 2, 'odboy112', 'odboy112жөӢиҜ•з”ЁжҲ·', 'з”·', '18797874112', '1943815112@qq.com', NULL, NULL, '$2a$10$Egp1/gvFlt7zhlXVfEFw4OfWQCGPw0ClmMcc6FjTnvXNRVf9zdMRa', b'0', b'1', 'admin', 'admin', NULL, '2021-03-20 22:04:13', '2021-03-20 22:04:13');
INSERT INTO `system_user` VALUES (17, 2, 'odboy113', 'odboy113жөӢиҜ•з”ЁжҲ·', 'з”·', '18797874113', '1943815113@qq.com', NULL, NULL, '$2a$10$Egp1/gvFlt7zhlXVfEFw4OfWQCGPw0ClmMcc6FjTnvXNRVf9zdMRa', b'0', b'1', 'admin', 'admin', NULL, '2021-03-20 22:04:13', '2021-03-20 22:04:13');
INSERT INTO `system_user` VALUES (18, 2, 'odboy114', 'odboy114жөӢиҜ•з”ЁжҲ·', 'з”·', '18797874114', '1943815114@qq.com', NULL, NULL, '$2a$10$Egp1/gvFlt7zhlXVfEFw4OfWQCGPw0ClmMcc6FjTnvXNRVf9zdMRa', b'0', b'1', 'admin', 'admin', NULL, '2021-03-20 22:04:13', '2021-03-20 22:04:13');
INSERT INTO `system_user` VALUES (19, 2, 'odboy115', 'odboy115жөӢиҜ•з”ЁжҲ·', 'з”·', '18797874115', '1943815115@qq.com', NULL, NULL, '$2a$10$Egp1/gvFlt7zhlXVfEFw4OfWQCGPw0ClmMcc6FjTnvXNRVf9zdMRa', b'0', b'1', 'admin', 'admin', NULL, '2021-03-20 22:04:13', '2021-03-20 22:04:13');
INSERT INTO `system_user` VALUES (20, 2, 'odboy116', 'odboy116жөӢиҜ•з”ЁжҲ·', 'з”·', '18797874116', '1943815116@qq.com', NULL, NULL, '$2a$10$Egp1/gvFlt7zhlXVfEFw4OfWQCGPw0ClmMcc6FjTnvXNRVf9zdMRa', b'0', b'1', 'admin', 'admin', NULL, '2021-03-20 22:04:13', '2021-03-20 22:04:13');
INSERT INTO `system_user` VALUES (21, 2, 'odboy117', 'odboy117жөӢиҜ•з”ЁжҲ·', 'з”·', '18797874117', '1943815117@qq.com', NULL, NULL, '$2a$10$Egp1/gvFlt7zhlXVfEFw4OfWQCGPw0ClmMcc6FjTnvXNRVf9zdMRa', b'0', b'1', 'admin', 'admin', NULL, '2021-03-20 22:04:13', '2021-03-20 22:04:13');
INSERT INTO `system_user` VALUES (22, 2, 'odboy118', 'odboy118жөӢиҜ•з”ЁжҲ·', 'з”·', '18797874118', '1943815118@qq.com', NULL, NULL, '$2a$10$Egp1/gvFlt7zhlXVfEFw4OfWQCGPw0ClmMcc6FjTnvXNRVf9zdMRa', b'0', b'1', 'admin', 'admin', NULL, '2021-03-20 22:04:13', '2021-03-20 22:04:13');
INSERT INTO `system_user` VALUES (23, 2, 'odboy119', 'odboy119жөӢиҜ•з”ЁжҲ·', 'з”·', '18797874119', '1943815119@qq.com', NULL, NULL, '$2a$10$Egp1/gvFlt7zhlXVfEFw4OfWQCGPw0ClmMcc6FjTnvXNRVf9zdMRa', b'0', b'1', 'admin', 'admin', NULL, '2021-03-20 22:04:13', '2021-03-20 22:04:13');
INSERT INTO `system_user` VALUES (24, 2, 'odboy120', 'odboy120жөӢиҜ•з”ЁжҲ·', 'з”·', '18797874120', '1943815120@qq.com', NULL, NULL, '$2a$10$Egp1/gvFlt7zhlXVfEFw4OfWQCGPw0ClmMcc6FjTnvXNRVf9zdMRa', b'0', b'1', 'admin', 'admin', NULL, '2021-03-20 22:04:13', '2021-03-20 22:04:13');
INSERT INTO `system_user` VALUES (25, 2, 'odboy121', 'odboy121жөӢиҜ•з”ЁжҲ·', 'з”·', '18797874121', '1943815121@qq.com', NULL, NULL, '$2a$10$Egp1/gvFlt7zhlXVfEFw4OfWQCGPw0ClmMcc6FjTnvXNRVf9zdMRa', b'0', b'1', 'admin', 'admin', NULL, '2021-03-20 22:04:13', '2021-03-20 22:04:13');
INSERT INTO `system_user` VALUES (26, 2, 'odboy122', 'odboy122жөӢиҜ•з”ЁжҲ·', 'з”·', '18797874122', '1943815122@qq.com', NULL, NULL, '$2a$10$Egp1/gvFlt7zhlXVfEFw4OfWQCGPw0ClmMcc6FjTnvXNRVf9zdMRa', b'0', b'1', 'admin', 'admin', NULL, '2021-03-20 22:04:13', '2021-03-20 22:04:13');
INSERT INTO `system_user` VALUES (27, 2, 'odboy123', 'odboy123жөӢиҜ•з”ЁжҲ·', 'з”·', '18797874123', '1943815123@qq.com', NULL, NULL, '$2a$10$Egp1/gvFlt7zhlXVfEFw4OfWQCGPw0ClmMcc6FjTnvXNRVf9zdMRa', b'0', b'1', 'admin', 'admin', NULL, '2021-03-20 22:04:13', '2021-03-20 22:04:13');
INSERT INTO `system_user` VALUES (28, 2, 'odboy124', 'odboy124жөӢиҜ•з”ЁжҲ·', 'з”·', '18797874124', '1943815124@qq.com', NULL, NULL, '$2a$10$Egp1/gvFlt7zhlXVfEFw4OfWQCGPw0ClmMcc6FjTnvXNRVf9zdMRa', b'0', b'1', 'admin', 'admin', NULL, '2021-03-20 22:04:13', '2021-03-20 22:04:13');
INSERT INTO `system_user` VALUES (29, 2, 'odboy125', 'odboy125жөӢиҜ•з”ЁжҲ·', 'з”·', '18797874125', '1943815125@qq.com', NULL, NULL, '$2a$10$Egp1/gvFlt7zhlXVfEFw4OfWQCGPw0ClmMcc6FjTnvXNRVf9zdMRa', b'0', b'1', 'admin', 'admin', NULL, '2021-03-20 22:04:13', '2021-03-20 22:04:13');
INSERT INTO `system_user` VALUES (30, 2, 'odboy126', 'odboy126жөӢиҜ•з”ЁжҲ·', 'з”·', '18797874126', '1943815126@qq.com', NULL, NULL, '$2a$10$Egp1/gvFlt7zhlXVfEFw4OfWQCGPw0ClmMcc6FjTnvXNRVf9zdMRa', b'0', b'1', 'admin', 'admin', NULL, '2021-03-20 22:04:13', '2021-03-20 22:04:13');
INSERT INTO `system_user` VALUES (31, 2, 'odboy127', 'odboy127жөӢиҜ•з”ЁжҲ·', 'з”·', '18797874127', '1943815127@qq.com', NULL, NULL, '$2a$10$Egp1/gvFlt7zhlXVfEFw4OfWQCGPw0ClmMcc6FjTnvXNRVf9zdMRa', b'0', b'1', 'admin', 'admin', NULL, '2021-03-20 22:04:13', '2021-03-20 22:04:13');
INSERT INTO `system_user` VALUES (32, 2, 'odboy128', 'odboy128жөӢиҜ•з”ЁжҲ·', 'з”·', '18797874128', '1943815128@qq.com', NULL, NULL, '$2a$10$Egp1/gvFlt7zhlXVfEFw4OfWQCGPw0ClmMcc6FjTnvXNRVf9zdMRa', b'0', b'1', 'admin', 'admin', NULL, '2021-03-20 22:04:13', '2021-03-20 22:04:13');
INSERT INTO `system_user` VALUES (33, 2, 'odboy129', 'odboy129жөӢиҜ•з”ЁжҲ·', 'з”·', '18797874129', '1943815129@qq.com', NULL, NULL, '$2a$10$Egp1/gvFlt7zhlXVfEFw4OfWQCGPw0ClmMcc6FjTnvXNRVf9zdMRa', b'0', b'1', 'admin', 'admin', NULL, '2021-03-20 22:04:13', '2021-03-20 22:04:13');
INSERT INTO `system_user` VALUES (34, 2, 'odboy130', 'odboy130жөӢиҜ•з”ЁжҲ·', 'з”·', '18797874130', '1943815130@qq.com', NULL, NULL, '$2a$10$Egp1/gvFlt7zhlXVfEFw4OfWQCGPw0ClmMcc6FjTnvXNRVf9zdMRa', b'0', b'1', 'admin', 'admin', NULL, '2021-03-20 22:04:13', '2021-03-20 22:04:13');
INSERT INTO `system_user` VALUES (35, 2, 'odboy131', 'odboy131жөӢиҜ•з”ЁжҲ·', 'з”·', '18797874131', '1943815131@qq.com', NULL, NULL, '$2a$10$Egp1/gvFlt7zhlXVfEFw4OfWQCGPw0ClmMcc6FjTnvXNRVf9zdMRa', b'0', b'1', 'admin', 'admin', NULL, '2021-03-20 22:04:13', '2021-03-20 22:04:13');
INSERT INTO `system_user` VALUES (36, 2, 'odboy132', 'odboy132жөӢиҜ•з”ЁжҲ·', 'з”·', '18797874132', '1943815132@qq.com', NULL, NULL, '$2a$10$Egp1/gvFlt7zhlXVfEFw4OfWQCGPw0ClmMcc6FjTnvXNRVf9zdMRa', b'0', b'1', 'admin', 'admin', NULL, '2021-03-20 22:04:13', '2021-03-20 22:04:13');
INSERT INTO `system_user` VALUES (37, 2, 'odboy133', 'odboy133жөӢиҜ•з”ЁжҲ·', 'з”·', '18797874133', '1943815133@qq.com', NULL, NULL, '$2a$10$Egp1/gvFlt7zhlXVfEFw4OfWQCGPw0ClmMcc6FjTnvXNRVf9zdMRa', b'0', b'1', 'admin', 'admin', NULL, '2021-03-20 22:04:13', '2021-03-20 22:04:13');
INSERT INTO `system_user` VALUES (38, 2, 'odboy134', 'odboy134жөӢиҜ•з”ЁжҲ·', 'з”·', '18797874134', '1943815134@qq.com', NULL, NULL, '$2a$10$Egp1/gvFlt7zhlXVfEFw4OfWQCGPw0ClmMcc6FjTnvXNRVf9zdMRa', b'0', b'1', 'admin', 'admin', NULL, '2021-03-20 22:04:13', '2021-03-20 22:04:13');
INSERT INTO `system_user` VALUES (39, 2, 'odboy135', 'odboy135жөӢиҜ•з”ЁжҲ·', 'з”·', '18797874135', '1943815135@qq.com', NULL, NULL, '$2a$10$Egp1/gvFlt7zhlXVfEFw4OfWQCGPw0ClmMcc6FjTnvXNRVf9zdMRa', b'0', b'1', 'admin', 'admin', NULL, '2021-03-20 22:04:13', '2021-03-20 22:04:13');
INSERT INTO `system_user` VALUES (40, 2, 'odboy136', 'odboy136жөӢиҜ•з”ЁжҲ·', 'з”·', '18797874136', '1943815136@qq.com', NULL, NULL, '$2a$10$Egp1/gvFlt7zhlXVfEFw4OfWQCGPw0ClmMcc6FjTnvXNRVf9zdMRa', b'0', b'1', 'admin', 'admin', NULL, '2021-03-20 22:04:13', '2021-03-20 22:04:13');
INSERT INTO `system_user` VALUES (41, 2, 'odboy137', 'odboy137жөӢиҜ•з”ЁжҲ·', 'з”·', '18797874137', '1943815137@qq.com', NULL, NULL, '$2a$10$Egp1/gvFlt7zhlXVfEFw4OfWQCGPw0ClmMcc6FjTnvXNRVf9zdMRa', b'0', b'1', 'admin', 'admin', NULL, '2021-03-20 22:04:13', '2021-03-20 22:04:13');
INSERT INTO `system_user` VALUES (42, 2, 'odboy138', 'odboy138жөӢиҜ•з”ЁжҲ·', 'з”·', '18797874138', '1943815138@qq.com', NULL, NULL, '$2a$10$Egp1/gvFlt7zhlXVfEFw4OfWQCGPw0ClmMcc6FjTnvXNRVf9zdMRa', b'0', b'1', 'admin', 'admin', NULL, '2021-03-20 22:04:13', '2021-03-20 22:04:13');
INSERT INTO `system_user` VALUES (43, 2, 'odboy139', 'odboy139жөӢиҜ•з”ЁжҲ·', 'з”·', '18797874139', '1943815139@qq.com', NULL, NULL, '$2a$10$Egp1/gvFlt7zhlXVfEFw4OfWQCGPw0ClmMcc6FjTnvXNRVf9zdMRa', b'0', b'1', 'admin', 'admin', NULL, '2021-03-20 22:04:13', '2021-03-20 22:04:13');
INSERT INTO `system_user` VALUES (44, 2, 'odboy140', 'odboy140жөӢиҜ•з”ЁжҲ·', 'з”·', '18797874140', '1943815140@qq.com', NULL, NULL, '$2a$10$Egp1/gvFlt7zhlXVfEFw4OfWQCGPw0ClmMcc6FjTnvXNRVf9zdMRa', b'0', b'1', 'admin', 'admin', NULL, '2021-03-20 22:04:13', '2021-03-20 22:04:13');
INSERT INTO `system_user` VALUES (45, 2, 'odboy141', 'odboy141жөӢиҜ•з”ЁжҲ·', 'з”·', '18797874141', '1943815141@qq.com', NULL, NULL, '$2a$10$Egp1/gvFlt7zhlXVfEFw4OfWQCGPw0ClmMcc6FjTnvXNRVf9zdMRa', b'0', b'1', 'admin', 'admin', NULL, '2021-03-20 22:04:13', '2021-03-20 22:04:13');
INSERT INTO `system_user` VALUES (46, 2, 'odboy142', 'odboy142жөӢиҜ•з”ЁжҲ·', 'з”·', '18797874142', '1943815142@qq.com', NULL, NULL, '$2a$10$Egp1/gvFlt7zhlXVfEFw4OfWQCGPw0ClmMcc6FjTnvXNRVf9zdMRa', b'0', b'1', 'admin', 'admin', NULL, '2021-03-20 22:04:13', '2021-03-20 22:04:13');
INSERT INTO `system_user` VALUES (47, 2, 'odboy143', 'odboy143жөӢиҜ•з”ЁжҲ·', 'з”·', '18797874143', '1943815143@qq.com', NULL, NULL, '$2a$10$Egp1/gvFlt7zhlXVfEFw4OfWQCGPw0ClmMcc6FjTnvXNRVf9zdMRa', b'0', b'1', 'admin', 'admin', NULL, '2021-03-20 22:04:13', '2021-03-20 22:04:13');
INSERT INTO `system_user` VALUES (48, 2, 'odboy144', 'odboy144жөӢиҜ•з”ЁжҲ·', 'з”·', '18797874144', '1943815144@qq.com', NULL, NULL, '$2a$10$Egp1/gvFlt7zhlXVfEFw4OfWQCGPw0ClmMcc6FjTnvXNRVf9zdMRa', b'0', b'1', 'admin', 'admin', NULL, '2021-03-20 22:04:13', '2021-03-20 22:04:13');
INSERT INTO `system_user` VALUES (49, 2, 'odboy145', 'odboy145жөӢиҜ•з”ЁжҲ·', 'з”·', '18797874145', '1943815145@qq.com', NULL, NULL, '$2a$10$Egp1/gvFlt7zhlXVfEFw4OfWQCGPw0ClmMcc6FjTnvXNRVf9zdMRa', b'0', b'1', 'admin', 'admin', NULL, '2021-03-20 22:04:13', '2021-03-20 22:04:13');
INSERT INTO `system_user` VALUES (50, 2, 'odboy146', 'odboy146жөӢиҜ•з”ЁжҲ·', 'з”·', '18797874146', '1943815146@qq.com', NULL, NULL, '$2a$10$Egp1/gvFlt7zhlXVfEFw4OfWQCGPw0ClmMcc6FjTnvXNRVf9zdMRa', b'0', b'1', 'admin', 'admin', NULL, '2021-03-20 22:04:13', '2021-03-20 22:04:13');
INSERT INTO `system_user` VALUES (51, 2, 'odboy147', 'odboy147жөӢиҜ•з”ЁжҲ·', 'з”·', '18797874147', '1943815147@qq.com', NULL, NULL, '$2a$10$Egp1/gvFlt7zhlXVfEFw4OfWQCGPw0ClmMcc6FjTnvXNRVf9zdMRa', b'0', b'1', 'admin', 'admin', NULL, '2021-03-20 22:04:13', '2021-03-20 22:04:13');
INSERT INTO `system_user` VALUES (52, 2, 'odboy148', 'odboy148жөӢиҜ•з”ЁжҲ·', 'з”·', '18797874148', '1943815148@qq.com', NULL, NULL, '$2a$10$Egp1/gvFlt7zhlXVfEFw4OfWQCGPw0ClmMcc6FjTnvXNRVf9zdMRa', b'0', b'1', 'admin', 'admin', NULL, '2021-03-20 22:04:13', '2021-03-20 22:04:13');
INSERT INTO `system_user` VALUES (53, 2, 'odboy149', 'odboy149жөӢиҜ•з”ЁжҲ·', 'з”·', '18797874149', '1943815149@qq.com', NULL, NULL, '$2a$10$Egp1/gvFlt7zhlXVfEFw4OfWQCGPw0ClmMcc6FjTnvXNRVf9zdMRa', b'0', b'1', 'admin', 'admin', NULL, '2021-03-20 22:04:13', '2021-03-20 22:04:13');
INSERT INTO `system_user` VALUES (54, 2, 'odboy150', 'odboy150жөӢиҜ•з”ЁжҲ·', 'з”·', '18797874150', '1943815150@qq.com', NULL, NULL, '$2a$10$Egp1/gvFlt7zhlXVfEFw4OfWQCGPw0ClmMcc6FjTnvXNRVf9zdMRa', b'0', b'1', 'admin', 'admin', NULL, '2021-03-20 22:04:13', '2021-03-20 22:04:13');
INSERT INTO `system_user` VALUES (55, 2, 'odboy151', 'odboy151жөӢиҜ•з”ЁжҲ·', 'з”·', '18797874151', '1943815151@qq.com', NULL, NULL, '$2a$10$Egp1/gvFlt7zhlXVfEFw4OfWQCGPw0ClmMcc6FjTnvXNRVf9zdMRa', b'0', b'1', 'admin', 'admin', NULL, '2021-03-20 22:04:13', '2021-03-20 22:04:13');
INSERT INTO `system_user` VALUES (56, 2, 'odboy152', 'odboy152жөӢиҜ•з”ЁжҲ·', 'з”·', '18797874152', '1943815152@qq.com', NULL, NULL, '$2a$10$Egp1/gvFlt7zhlXVfEFw4OfWQCGPw0ClmMcc6FjTnvXNRVf9zdMRa', b'0', b'1', 'admin', 'admin', NULL, '2021-03-20 22:04:13', '2021-03-20 22:04:13');
INSERT INTO `system_user` VALUES (57, 2, 'odboy153', 'odboy153жөӢиҜ•з”ЁжҲ·', 'з”·', '18797874153', '1943815153@qq.com', NULL, NULL, '$2a$10$Egp1/gvFlt7zhlXVfEFw4OfWQCGPw0ClmMcc6FjTnvXNRVf9zdMRa', b'0', b'1', 'admin', 'admin', NULL, '2021-03-20 22:04:13', '2021-03-20 22:04:13');
INSERT INTO `system_user` VALUES (58, 2, 'odboy154', 'odboy154жөӢиҜ•з”ЁжҲ·', 'з”·', '18797874154', '1943815154@qq.com', NULL, NULL, '$2a$10$Egp1/gvFlt7zhlXVfEFw4OfWQCGPw0ClmMcc6FjTnvXNRVf9zdMRa', b'0', b'1', 'admin', 'admin', NULL, '2021-03-20 22:04:13', '2021-03-20 22:04:13');
INSERT INTO `system_user` VALUES (59, 2, 'odboy155', 'odboy155жөӢиҜ•з”ЁжҲ·', 'з”·', '18797874155', '1943815155@qq.com', NULL, NULL, '$2a$10$Egp1/gvFlt7zhlXVfEFw4OfWQCGPw0ClmMcc6FjTnvXNRVf9zdMRa', b'0', b'1', 'admin', 'admin', NULL, '2021-03-20 22:04:13', '2021-03-20 22:04:13');
INSERT INTO `system_user` VALUES (60, 2, 'odboy156', 'odboy156жөӢиҜ•з”ЁжҲ·', 'з”·', '18797874156', '1943815156@qq.com', NULL, NULL, '$2a$10$Egp1/gvFlt7zhlXVfEFw4OfWQCGPw0ClmMcc6FjTnvXNRVf9zdMRa', b'0', b'1', 'admin', 'admin', NULL, '2021-03-20 22:04:13', '2021-03-20 22:04:13');
INSERT INTO `system_user` VALUES (61, 2, 'odboy157', 'odboy157жөӢиҜ•з”ЁжҲ·', 'з”·', '18797874157', '1943815157@qq.com', NULL, NULL, '$2a$10$Egp1/gvFlt7zhlXVfEFw4OfWQCGPw0ClmMcc6FjTnvXNRVf9zdMRa', b'0', b'1', 'admin', 'admin', NULL, '2021-03-20 22:04:13', '2021-03-20 22:04:13');
INSERT INTO `system_user` VALUES (62, 2, 'odboy158', 'odboy158жөӢиҜ•з”ЁжҲ·', 'з”·', '18797874158', '1943815158@qq.com', NULL, NULL, '$2a$10$Egp1/gvFlt7zhlXVfEFw4OfWQCGPw0ClmMcc6FjTnvXNRVf9zdMRa', b'0', b'1', 'admin', 'admin', NULL, '2021-03-20 22:04:13', '2021-03-20 22:04:13');
INSERT INTO `system_user` VALUES (63, 2, 'odboy159', 'odboy159жөӢиҜ•з”ЁжҲ·', 'з”·', '18797874159', '1943815159@qq.com', NULL, NULL, '$2a$10$Egp1/gvFlt7zhlXVfEFw4OfWQCGPw0ClmMcc6FjTnvXNRVf9zdMRa', b'0', b'1', 'admin', 'admin', NULL, '2021-03-20 22:04:13', '2021-03-20 22:04:13');
INSERT INTO `system_user` VALUES (64, 2, 'odboy160', 'odboy160жөӢиҜ•з”ЁжҲ·', 'з”·', '18797874160', '1943815160@qq.com', NULL, NULL, '$2a$10$Egp1/gvFlt7zhlXVfEFw4OfWQCGPw0ClmMcc6FjTnvXNRVf9zdMRa', b'0', b'1', 'admin', 'admin', NULL, '2021-03-20 22:04:13', '2021-03-20 22:04:13');
INSERT INTO `system_user` VALUES (65, 2, 'odboy161', 'odboy161жөӢиҜ•з”ЁжҲ·', 'з”·', '18797874161', '1943815161@qq.com', NULL, NULL, '$2a$10$Egp1/gvFlt7zhlXVfEFw4OfWQCGPw0ClmMcc6FjTnvXNRVf9zdMRa', b'0', b'1', 'admin', 'admin', NULL, '2021-03-20 22:04:13', '2021-03-20 22:04:13');
INSERT INTO `system_user` VALUES (66, 2, 'odboy162', 'odboy162жөӢиҜ•з”ЁжҲ·', 'з”·', '18797874162', '1943815162@qq.com', NULL, NULL, '$2a$10$Egp1/gvFlt7zhlXVfEFw4OfWQCGPw0ClmMcc6FjTnvXNRVf9zdMRa', b'0', b'1', 'admin', 'admin', NULL, '2021-03-20 22:04:13', '2021-03-20 22:04:13');
INSERT INTO `system_user` VALUES (67, 2, 'odboy163', 'odboy163жөӢиҜ•з”ЁжҲ·', 'з”·', '18797874163', '1943815163@qq.com', NULL, NULL, '$2a$10$Egp1/gvFlt7zhlXVfEFw4OfWQCGPw0ClmMcc6FjTnvXNRVf9zdMRa', b'0', b'1', 'admin', 'admin', NULL, '2021-03-20 22:04:13', '2021-03-20 22:04:13');
INSERT INTO `system_user` VALUES (68, 2, 'odboy164', 'odboy164жөӢиҜ•з”ЁжҲ·', 'з”·', '18797874164', '1943815164@qq.com', NULL, NULL, '$2a$10$Egp1/gvFlt7zhlXVfEFw4OfWQCGPw0ClmMcc6FjTnvXNRVf9zdMRa', b'0', b'1', 'admin', 'admin', NULL, '2021-03-20 22:04:13', '2021-03-20 22:04:13');
INSERT INTO `system_user` VALUES (69, 2, 'odboy165', 'odboy165жөӢиҜ•з”ЁжҲ·', 'з”·', '18797874165', '1943815165@qq.com', NULL, NULL, '$2a$10$Egp1/gvFlt7zhlXVfEFw4OfWQCGPw0ClmMcc6FjTnvXNRVf9zdMRa', b'0', b'1', 'admin', 'admin', NULL, '2021-03-20 22:04:13', '2021-03-20 22:04:13');
INSERT INTO `system_user` VALUES (70, 2, 'odboy166', 'odboy166жөӢиҜ•з”ЁжҲ·', 'з”·', '18797874166', '1943815166@qq.com', NULL, NULL, '$2a$10$Egp1/gvFlt7zhlXVfEFw4OfWQCGPw0ClmMcc6FjTnvXNRVf9zdMRa', b'0', b'1', 'admin', 'admin', NULL, '2021-03-20 22:04:13', '2021-03-20 22:04:13');
INSERT INTO `system_user` VALUES (71, 2, 'odboy167', 'odboy167жөӢиҜ•з”ЁжҲ·', 'з”·', '18797874167', '1943815167@qq.com', NULL, NULL, '$2a$10$Egp1/gvFlt7zhlXVfEFw4OfWQCGPw0ClmMcc6FjTnvXNRVf9zdMRa', b'0', b'1', 'admin', 'admin', NULL, '2021-03-20 22:04:13', '2021-03-20 22:04:13');
INSERT INTO `system_user` VALUES (72, 2, 'odboy168', 'odboy168жөӢиҜ•з”ЁжҲ·', 'з”·', '18797874168', '1943815168@qq.com', NULL, NULL, '$2a$10$Egp1/gvFlt7zhlXVfEFw4OfWQCGPw0ClmMcc6FjTnvXNRVf9zdMRa', b'0', b'1', 'admin', 'admin', NULL, '2021-03-20 22:04:13', '2021-03-20 22:04:13');
INSERT INTO `system_user` VALUES (73, 2, 'odboy169', 'odboy169жөӢиҜ•з”ЁжҲ·', 'з”·', '18797874169', '1943815169@qq.com', NULL, NULL, '$2a$10$Egp1/gvFlt7zhlXVfEFw4OfWQCGPw0ClmMcc6FjTnvXNRVf9zdMRa', b'0', b'1', 'admin', 'admin', NULL, '2021-03-20 22:04:13', '2021-03-20 22:04:13');
INSERT INTO `system_user` VALUES (74, 2, 'odboy170', 'odboy170жөӢиҜ•з”ЁжҲ·', 'з”·', '18797874170', '1943815170@qq.com', NULL, NULL, '$2a$10$Egp1/gvFlt7zhlXVfEFw4OfWQCGPw0ClmMcc6FjTnvXNRVf9zdMRa', b'0', b'1', 'admin', 'admin', NULL, '2021-03-20 22:04:13', '2021-03-20 22:04:13');
INSERT INTO `system_user` VALUES (75, 2, 'odboy171', 'odboy171жөӢиҜ•з”ЁжҲ·', 'з”·', '18797874171', '1943815171@qq.com', NULL, NULL, '$2a$10$Egp1/gvFlt7zhlXVfEFw4OfWQCGPw0ClmMcc6FjTnvXNRVf9zdMRa', b'0', b'1', 'admin', 'admin', NULL, '2021-03-20 22:04:13', '2021-03-20 22:04:13');
INSERT INTO `system_user` VALUES (76, 2, 'odboy172', 'odboy172жөӢиҜ•з”ЁжҲ·', 'з”·', '18797874172', '1943815172@qq.com', NULL, NULL, '$2a$10$Egp1/gvFlt7zhlXVfEFw4OfWQCGPw0ClmMcc6FjTnvXNRVf9zdMRa', b'0', b'1', 'admin', 'admin', NULL, '2021-03-20 22:04:13', '2021-03-20 22:04:13');
INSERT INTO `system_user` VALUES (77, 2, 'odboy173', 'odboy173жөӢиҜ•з”ЁжҲ·', 'з”·', '18797874173', '1943815173@qq.com', NULL, NULL, '$2a$10$Egp1/gvFlt7zhlXVfEFw4OfWQCGPw0ClmMcc6FjTnvXNRVf9zdMRa', b'0', b'1', 'admin', 'admin', NULL, '2021-03-20 22:04:13', '2021-03-20 22:04:13');
INSERT INTO `system_user` VALUES (78, 2, 'odboy174', 'odboy174жөӢиҜ•з”ЁжҲ·', 'з”·', '18797874174', '1943815174@qq.com', NULL, NULL, '$2a$10$Egp1/gvFlt7zhlXVfEFw4OfWQCGPw0ClmMcc6FjTnvXNRVf9zdMRa', b'0', b'1', 'admin', 'admin', NULL, '2021-03-20 22:04:13', '2021-03-20 22:04:13');
INSERT INTO `system_user` VALUES (79, 2, 'odboy175', 'odboy175жөӢиҜ•з”ЁжҲ·', 'з”·', '18797874175', '1943815175@qq.com', NULL, NULL, '$2a$10$Egp1/gvFlt7zhlXVfEFw4OfWQCGPw0ClmMcc6FjTnvXNRVf9zdMRa', b'0', b'1', 'admin', 'admin', NULL, '2021-03-20 22:04:13', '2021-03-20 22:04:13');
INSERT INTO `system_user` VALUES (80, 2, 'odboy176', 'odboy176жөӢиҜ•з”ЁжҲ·', 'з”·', '18797874176', '1943815176@qq.com', NULL, NULL, '$2a$10$Egp1/gvFlt7zhlXVfEFw4OfWQCGPw0ClmMcc6FjTnvXNRVf9zdMRa', b'0', b'1', 'admin', 'admin', NULL, '2021-03-20 22:04:13', '2021-03-20 22:04:13');
INSERT INTO `system_user` VALUES (81, 2, 'odboy177', 'odboy177жөӢиҜ•з”ЁжҲ·', 'з”·', '18797874177', '1943815177@qq.com', NULL, NULL, '$2a$10$Egp1/gvFlt7zhlXVfEFw4OfWQCGPw0ClmMcc6FjTnvXNRVf9zdMRa', b'0', b'1', 'admin', 'admin', NULL, '2021-03-20 22:04:13', '2021-03-20 22:04:13');
INSERT INTO `system_user` VALUES (82, 2, 'odboy178', 'odboy178жөӢиҜ•з”ЁжҲ·', 'з”·', '18797874178', '1943815178@qq.com', NULL, NULL, '$2a$10$Egp1/gvFlt7zhlXVfEFw4OfWQCGPw0ClmMcc6FjTnvXNRVf9zdMRa', b'0', b'1', 'admin', 'admin', NULL, '2021-03-20 22:04:13', '2021-03-20 22:04:13');
INSERT INTO `system_user` VALUES (83, 2, 'odboy179', 'odboy179жөӢиҜ•з”ЁжҲ·', 'з”·', '18797874179', '1943815179@qq.com', NULL, NULL, '$2a$10$Egp1/gvFlt7zhlXVfEFw4OfWQCGPw0ClmMcc6FjTnvXNRVf9zdMRa', b'0', b'1', 'admin', 'admin', NULL, '2021-03-20 22:04:13', '2021-03-20 22:04:13');
INSERT INTO `system_user` VALUES (84, 2, 'odboy180', 'odboy180жөӢиҜ•з”ЁжҲ·', 'з”·', '18797874180', '1943815180@qq.com', NULL, NULL, '$2a$10$Egp1/gvFlt7zhlXVfEFw4OfWQCGPw0ClmMcc6FjTnvXNRVf9zdMRa', b'0', b'1', 'admin', 'admin', NULL, '2021-03-20 22:04:13', '2021-03-20 22:04:13');
INSERT INTO `system_user` VALUES (85, 2, 'odboy181', 'odboy181жөӢиҜ•з”ЁжҲ·', 'з”·', '18797874181', '1943815181@qq.com', NULL, NULL, '$2a$10$Egp1/gvFlt7zhlXVfEFw4OfWQCGPw0ClmMcc6FjTnvXNRVf9zdMRa', b'0', b'1', 'admin', 'admin', NULL, '2021-03-20 22:04:13', '2021-03-20 22:04:13');
INSERT INTO `system_user` VALUES (86, 2, 'odboy182', 'odboy182жөӢиҜ•з”ЁжҲ·', 'з”·', '18797874182', '1943815182@qq.com', NULL, NULL, '$2a$10$Egp1/gvFlt7zhlXVfEFw4OfWQCGPw0ClmMcc6FjTnvXNRVf9zdMRa', b'0', b'1', 'admin', 'admin', NULL, '2021-03-20 22:04:13', '2021-03-20 22:04:13');
INSERT INTO `system_user` VALUES (87, 2, 'odboy183', 'odboy183жөӢиҜ•з”ЁжҲ·', 'з”·', '18797874183', '1943815183@qq.com', NULL, NULL, '$2a$10$Egp1/gvFlt7zhlXVfEFw4OfWQCGPw0ClmMcc6FjTnvXNRVf9zdMRa', b'0', b'1', 'admin', 'admin', NULL, '2021-03-20 22:04:13', '2021-03-20 22:04:13');
INSERT INTO `system_user` VALUES (88, 2, 'odboy184', 'odboy184жөӢиҜ•з”ЁжҲ·', 'з”·', '18797874184', '1943815184@qq.com', NULL, NULL, '$2a$10$Egp1/gvFlt7zhlXVfEFw4OfWQCGPw0ClmMcc6FjTnvXNRVf9zdMRa', b'0', b'1', 'admin', 'admin', NULL, '2021-03-20 22:04:13', '2021-03-20 22:04:13');
INSERT INTO `system_user` VALUES (89, 2, 'odboy185', 'odboy185жөӢиҜ•з”ЁжҲ·', 'з”·', '18797874185', '1943815185@qq.com', NULL, NULL, '$2a$10$Egp1/gvFlt7zhlXVfEFw4OfWQCGPw0ClmMcc6FjTnvXNRVf9zdMRa', b'0', b'1', 'admin', 'admin', NULL, '2021-03-20 22:04:13', '2021-03-20 22:04:13');
INSERT INTO `system_user` VALUES (90, 2, 'odboy186', 'odboy186жөӢиҜ•з”ЁжҲ·', 'з”·', '18797874186', '1943815186@qq.com', NULL, NULL, '$2a$10$Egp1/gvFlt7zhlXVfEFw4OfWQCGPw0ClmMcc6FjTnvXNRVf9zdMRa', b'0', b'1', 'admin', 'admin', NULL, '2021-03-20 22:04:13', '2021-03-20 22:04:13');
INSERT INTO `system_user` VALUES (91, 2, 'odboy187', 'odboy187жөӢиҜ•з”ЁжҲ·', 'з”·', '18797874187', '1943815187@qq.com', NULL, NULL, '$2a$10$Egp1/gvFlt7zhlXVfEFw4OfWQCGPw0ClmMcc6FjTnvXNRVf9zdMRa', b'0', b'1', 'admin', 'admin', NULL, '2021-03-20 22:04:13', '2021-03-20 22:04:13');
INSERT INTO `system_user` VALUES (92, 2, 'odboy188', 'odboy188жөӢиҜ•з”ЁжҲ·', 'з”·', '18797874188', '1943815188@qq.com', NULL, NULL, '$2a$10$Egp1/gvFlt7zhlXVfEFw4OfWQCGPw0ClmMcc6FjTnvXNRVf9zdMRa', b'0', b'1', 'admin', 'admin', NULL, '2021-03-20 22:04:13', '2021-03-20 22:04:13');
INSERT INTO `system_user` VALUES (93, 2, 'odboy189', 'odboy189жөӢиҜ•з”ЁжҲ·', 'з”·', '18797874189', '1943815189@qq.com', NULL, NULL, '$2a$10$Egp1/gvFlt7zhlXVfEFw4OfWQCGPw0ClmMcc6FjTnvXNRVf9zdMRa', b'0', b'1', 'admin', 'admin', NULL, '2021-03-20 22:04:13', '2021-03-20 22:04:13');
INSERT INTO `system_user` VALUES (94, 2, 'odboy190', 'odboy190жөӢиҜ•з”ЁжҲ·', 'з”·', '18797874190', '1943815190@qq.com', NULL, NULL, '$2a$10$Egp1/gvFlt7zhlXVfEFw4OfWQCGPw0ClmMcc6FjTnvXNRVf9zdMRa', b'0', b'1', 'admin', 'admin', NULL, '2021-03-20 22:04:13', '2021-03-20 22:04:13');
INSERT INTO `system_user` VALUES (95, 2, 'odboy191', 'odboy191жөӢиҜ•з”ЁжҲ·', 'з”·', '18797874191', '1943815191@qq.com', NULL, NULL, '$2a$10$Egp1/gvFlt7zhlXVfEFw4OfWQCGPw0ClmMcc6FjTnvXNRVf9zdMRa', b'0', b'1', 'admin', 'admin', NULL, '2021-03-20 22:04:13', '2021-03-20 22:04:13');
INSERT INTO `system_user` VALUES (96, 2, 'odboy192', 'odboy192жөӢиҜ•з”ЁжҲ·', 'з”·', '18797874192', '1943815192@qq.com', NULL, NULL, '$2a$10$Egp1/gvFlt7zhlXVfEFw4OfWQCGPw0ClmMcc6FjTnvXNRVf9zdMRa', b'0', b'1', 'admin', 'admin', NULL, '2021-03-20 22:04:13', '2021-03-20 22:04:13');
INSERT INTO `system_user` VALUES (97, 2, 'odboy193', 'odboy193жөӢиҜ•з”ЁжҲ·', 'з”·', '18797874193', '1943815193@qq.com', NULL, NULL, '$2a$10$Egp1/gvFlt7zhlXVfEFw4OfWQCGPw0ClmMcc6FjTnvXNRVf9zdMRa', b'0', b'1', 'admin', 'admin', NULL, '2021-03-20 22:04:13', '2021-03-20 22:04:13');
INSERT INTO `system_user` VALUES (98, 2, 'odboy194', 'odboy194жөӢиҜ•з”ЁжҲ·', 'з”·', '18797874194', '1943815194@qq.com', NULL, NULL, '$2a$10$Egp1/gvFlt7zhlXVfEFw4OfWQCGPw0ClmMcc6FjTnvXNRVf9zdMRa', b'0', b'1', 'admin', 'admin', NULL, '2021-03-20 22:04:13', '2021-03-20 22:04:13');
INSERT INTO `system_user` VALUES (99, 2, 'odboy195', 'odboy195жөӢиҜ•з”ЁжҲ·', 'з”·', '18797874195', '1943815195@qq.com', NULL, NULL, '$2a$10$Egp1/gvFlt7zhlXVfEFw4OfWQCGPw0ClmMcc6FjTnvXNRVf9zdMRa', b'0', b'1', 'admin', 'admin', NULL, '2021-03-20 22:04:13', '2021-03-20 22:04:13');
INSERT INTO `system_user` VALUES (100, 2, 'odboy196', 'odboy196жөӢиҜ•з”ЁжҲ·', 'з”·', '18797874196', '1943815196@qq.com', NULL, NULL, '$2a$10$Egp1/gvFlt7zhlXVfEFw4OfWQCGPw0ClmMcc6FjTnvXNRVf9zdMRa', b'0', b'1', 'admin', 'admin', NULL, '2021-03-20 22:04:13', '2021-03-20 22:04:13');
INSERT INTO `system_user` VALUES (101, 2, 'odboy197', 'odboy197жөӢиҜ•з”ЁжҲ·', 'з”·', '18797874197', '1943815197@qq.com', NULL, NULL, '$2a$10$Egp1/gvFlt7zhlXVfEFw4OfWQCGPw0ClmMcc6FjTnvXNRVf9zdMRa', b'0', b'1', 'admin', 'admin', NULL, '2021-03-20 22:04:13', '2021-03-20 22:04:13');
INSERT INTO `system_user` VALUES (102, 2, 'odboy198', 'odboy198жөӢиҜ•з”ЁжҲ·', 'з”·', '18797874198', '1943815198@qq.com', NULL, NULL, '$2a$10$Egp1/gvFlt7zhlXVfEFw4OfWQCGPw0ClmMcc6FjTnvXNRVf9zdMRa', b'0', b'1', 'admin', 'admin', NULL, '2021-03-20 22:04:13', '2021-03-20 22:04:13');
INSERT INTO `system_user` VALUES (103, 2, 'odboy199', 'odboy199жөӢиҜ•з”ЁжҲ·', 'з”·', '18797874199', '1943815199@qq.com', NULL, NULL, '$2a$10$Egp1/gvFlt7zhlXVfEFw4OfWQCGPw0ClmMcc6FjTnvXNRVf9zdMRa', b'0', b'1', 'admin', 'admin', NULL, '2021-03-20 22:04:13', '2021-03-20 22:04:13');

-- ----------------------------
-- Table structure for system_users_jobs
-- ----------------------------
DROP TABLE IF EXISTS `system_users_jobs`;
CREATE TABLE `system_users_jobs`  (
  `user_id` bigint NOT NULL COMMENT 'з”ЁжҲ·ID',
  `job_id` bigint NOT NULL COMMENT 'еІ—дҪҚID',
  PRIMARY KEY (`user_id`, `job_id`) USING BTREE,
  INDEX `idx_user_id`(`user_id` ASC) USING BTREE,
  INDEX `idx_job_id`(`job_id` ASC) USING BTREE
) ENGINE = InnoDB CHARACTER SET = utf8mb4 COLLATE = utf8mb4_0900_ai_ci COMMENT = 'з”ЁжҲ·дёҺеІ—дҪҚе…іиҒ”иЎЁ' ROW_FORMAT = Dynamic;

-- ----------------------------
-- Records of system_users_jobs
-- ----------------------------
INSERT INTO `system_users_jobs` VALUES (1, 11);
INSERT INTO `system_users_jobs` VALUES (3, 11);
INSERT INTO `system_users_jobs` VALUES (5, 11);
INSERT INTO `system_users_jobs` VALUES (6, 11);
INSERT INTO `system_users_jobs` VALUES (7, 11);
INSERT INTO `system_users_jobs` VALUES (8, 11);
INSERT INTO `system_users_jobs` VALUES (9, 11);
INSERT INTO `system_users_jobs` VALUES (10, 11);
INSERT INTO `system_users_jobs` VALUES (11, 11);
INSERT INTO `system_users_jobs` VALUES (12, 11);
INSERT INTO `system_users_jobs` VALUES (13, 11);
INSERT INTO `system_users_jobs` VALUES (14, 11);
INSERT INTO `system_users_jobs` VALUES (15, 11);
INSERT INTO `system_users_jobs` VALUES (16, 11);
INSERT INTO `system_users_jobs` VALUES (17, 11);
INSERT INTO `system_users_jobs` VALUES (18, 11);
INSERT INTO `system_users_jobs` VALUES (19, 11);
INSERT INTO `system_users_jobs` VALUES (20, 11);
INSERT INTO `system_users_jobs` VALUES (21, 11);
INSERT INTO `system_users_jobs` VALUES (22, 11);
INSERT INTO `system_users_jobs` VALUES (23, 11);
INSERT INTO `system_users_jobs` VALUES (24, 11);
INSERT INTO `system_users_jobs` VALUES (25, 11);
INSERT INTO `system_users_jobs` VALUES (26, 11);
INSERT INTO `system_users_jobs` VALUES (27, 11);
INSERT INTO `system_users_jobs` VALUES (28, 11);
INSERT INTO `system_users_jobs` VALUES (29, 11);
INSERT INTO `system_users_jobs` VALUES (30, 11);
INSERT INTO `system_users_jobs` VALUES (31, 11);
INSERT INTO `system_users_jobs` VALUES (32, 11);
INSERT INTO `system_users_jobs` VALUES (33, 11);
INSERT INTO `system_users_jobs` VALUES (34, 11);
INSERT INTO `system_users_jobs` VALUES (35, 11);
INSERT INTO `system_users_jobs` VALUES (36, 11);
INSERT INTO `system_users_jobs` VALUES (37, 11);
INSERT INTO `system_users_jobs` VALUES (38, 11);
INSERT INTO `system_users_jobs` VALUES (39, 11);
INSERT INTO `system_users_jobs` VALUES (40, 11);
INSERT INTO `system_users_jobs` VALUES (41, 11);
INSERT INTO `system_users_jobs` VALUES (42, 11);
INSERT INTO `system_users_jobs` VALUES (43, 11);
INSERT INTO `system_users_jobs` VALUES (44, 11);
INSERT INTO `system_users_jobs` VALUES (45, 11);
INSERT INTO `system_users_jobs` VALUES (46, 11);
INSERT INTO `system_users_jobs` VALUES (47, 11);
INSERT INTO `system_users_jobs` VALUES (48, 11);
INSERT INTO `system_users_jobs` VALUES (49, 11);
INSERT INTO `system_users_jobs` VALUES (50, 11);
INSERT INTO `system_users_jobs` VALUES (51, 11);
INSERT INTO `system_users_jobs` VALUES (52, 11);
INSERT INTO `system_users_jobs` VALUES (53, 11);
INSERT INTO `system_users_jobs` VALUES (54, 11);
INSERT INTO `system_users_jobs` VALUES (55, 11);
INSERT INTO `system_users_jobs` VALUES (56, 11);
INSERT INTO `system_users_jobs` VALUES (57, 11);
INSERT INTO `system_users_jobs` VALUES (58, 11);
INSERT INTO `system_users_jobs` VALUES (59, 11);
INSERT INTO `system_users_jobs` VALUES (60, 11);
INSERT INTO `system_users_jobs` VALUES (61, 11);
INSERT INTO `system_users_jobs` VALUES (62, 11);
INSERT INTO `system_users_jobs` VALUES (63, 11);
INSERT INTO `system_users_jobs` VALUES (64, 11);
INSERT INTO `system_users_jobs` VALUES (65, 11);
INSERT INTO `system_users_jobs` VALUES (66, 11);
INSERT INTO `system_users_jobs` VALUES (67, 11);
INSERT INTO `system_users_jobs` VALUES (68, 11);
INSERT INTO `system_users_jobs` VALUES (69, 11);
INSERT INTO `system_users_jobs` VALUES (70, 11);
INSERT INTO `system_users_jobs` VALUES (71, 11);
INSERT INTO `system_users_jobs` VALUES (72, 11);
INSERT INTO `system_users_jobs` VALUES (73, 11);
INSERT INTO `system_users_jobs` VALUES (74, 11);
INSERT INTO `system_users_jobs` VALUES (75, 11);
INSERT INTO `system_users_jobs` VALUES (76, 11);
INSERT INTO `system_users_jobs` VALUES (77, 11);
INSERT INTO `system_users_jobs` VALUES (78, 11);
INSERT INTO `system_users_jobs` VALUES (79, 11);
INSERT INTO `system_users_jobs` VALUES (80, 11);
INSERT INTO `system_users_jobs` VALUES (81, 11);
INSERT INTO `system_users_jobs` VALUES (82, 11);
INSERT INTO `system_users_jobs` VALUES (83, 11);
INSERT INTO `system_users_jobs` VALUES (84, 11);
INSERT INTO `system_users_jobs` VALUES (85, 11);
INSERT INTO `system_users_jobs` VALUES (86, 11);
INSERT INTO `system_users_jobs` VALUES (87, 11);
INSERT INTO `system_users_jobs` VALUES (88, 11);
INSERT INTO `system_users_jobs` VALUES (89, 11);
INSERT INTO `system_users_jobs` VALUES (90, 11);
INSERT INTO `system_users_jobs` VALUES (91, 11);
INSERT INTO `system_users_jobs` VALUES (92, 11);
INSERT INTO `system_users_jobs` VALUES (93, 11);
INSERT INTO `system_users_jobs` VALUES (94, 11);
INSERT INTO `system_users_jobs` VALUES (95, 11);
INSERT INTO `system_users_jobs` VALUES (96, 11);
INSERT INTO `system_users_jobs` VALUES (97, 11);
INSERT INTO `system_users_jobs` VALUES (98, 11);
INSERT INTO `system_users_jobs` VALUES (99, 11);
INSERT INTO `system_users_jobs` VALUES (100, 11);
INSERT INTO `system_users_jobs` VALUES (101, 11);
INSERT INTO `system_users_jobs` VALUES (102, 11);
INSERT INTO `system_users_jobs` VALUES (103, 11);

-- ----------------------------
-- Table structure for system_users_roles
-- ----------------------------
DROP TABLE IF EXISTS `system_users_roles`;
CREATE TABLE `system_users_roles`  (
  `user_id` bigint NOT NULL COMMENT 'з”ЁжҲ·ID',
  `role_id` bigint NOT NULL COMMENT 'и§’иүІID',
  PRIMARY KEY (`user_id`, `role_id`) USING BTREE,
  INDEX `idx_user_id`(`user_id` ASC) USING BTREE,
  INDEX `idx_role_id`(`role_id` ASC) USING BTREE
) ENGINE = InnoDB CHARACTER SET = utf8mb4 COLLATE = utf8mb4_0900_ai_ci COMMENT = 'з”ЁжҲ·и§’иүІе…іиҒ”' ROW_FORMAT = Dynamic;

-- ----------------------------
-- Records of system_users_roles
-- ----------------------------
INSERT INTO `system_users_roles` VALUES (1, 1);
INSERT INTO `system_users_roles` VALUES (3, 2);
INSERT INTO `system_users_roles` VALUES (5, 2);
INSERT INTO `system_users_roles` VALUES (6, 2);
INSERT INTO `system_users_roles` VALUES (7, 2);
INSERT INTO `system_users_roles` VALUES (8, 2);
INSERT INTO `system_users_roles` VALUES (9, 2);
INSERT INTO `system_users_roles` VALUES (10, 2);
INSERT INTO `system_users_roles` VALUES (11, 2);
INSERT INTO `system_users_roles` VALUES (12, 2);
INSERT INTO `system_users_roles` VALUES (13, 2);
INSERT INTO `system_users_roles` VALUES (14, 2);
INSERT INTO `system_users_roles` VALUES (15, 2);
INSERT INTO `system_users_roles` VALUES (16, 2);
INSERT INTO `system_users_roles` VALUES (17, 2);
INSERT INTO `system_users_roles` VALUES (18, 2);
INSERT INTO `system_users_roles` VALUES (19, 2);
INSERT INTO `system_users_roles` VALUES (20, 2);
INSERT INTO `system_users_roles` VALUES (21, 2);
INSERT INTO `system_users_roles` VALUES (22, 2);
INSERT INTO `system_users_roles` VALUES (23, 2);
INSERT INTO `system_users_roles` VALUES (24, 2);
INSERT INTO `system_users_roles` VALUES (25, 2);
INSERT INTO `system_users_roles` VALUES (26, 2);
INSERT INTO `system_users_roles` VALUES (27, 2);
INSERT INTO `system_users_roles` VALUES (28, 2);
INSERT INTO `system_users_roles` VALUES (29, 2);
INSERT INTO `system_users_roles` VALUES (30, 2);
INSERT INTO `system_users_roles` VALUES (31, 2);
INSERT INTO `system_users_roles` VALUES (32, 2);
INSERT INTO `system_users_roles` VALUES (33, 2);
INSERT INTO `system_users_roles` VALUES (34, 2);
INSERT INTO `system_users_roles` VALUES (35, 2);
INSERT INTO `system_users_roles` VALUES (36, 2);
INSERT INTO `system_users_roles` VALUES (37, 2);
INSERT INTO `system_users_roles` VALUES (38, 2);
INSERT INTO `system_users_roles` VALUES (39, 2);
INSERT INTO `system_users_roles` VALUES (40, 2);
INSERT INTO `system_users_roles` VALUES (41, 2);
INSERT INTO `system_users_roles` VALUES (42, 2);
INSERT INTO `system_users_roles` VALUES (43, 2);
INSERT INTO `system_users_roles` VALUES (44, 2);
INSERT INTO `system_users_roles` VALUES (45, 2);
INSERT INTO `system_users_roles` VALUES (46, 2);
INSERT INTO `system_users_roles` VALUES (47, 2);
INSERT INTO `system_users_roles` VALUES (48, 2);
INSERT INTO `system_users_roles` VALUES (49, 2);
INSERT INTO `system_users_roles` VALUES (50, 2);
INSERT INTO `system_users_roles` VALUES (51, 2);
INSERT INTO `system_users_roles` VALUES (52, 2);
INSERT INTO `system_users_roles` VALUES (53, 2);
INSERT INTO `system_users_roles` VALUES (54, 2);
INSERT INTO `system_users_roles` VALUES (55, 2);
INSERT INTO `system_users_roles` VALUES (56, 2);
INSERT INTO `system_users_roles` VALUES (57, 2);
INSERT INTO `system_users_roles` VALUES (58, 2);
INSERT INTO `system_users_roles` VALUES (59, 2);
INSERT INTO `system_users_roles` VALUES (60, 2);
INSERT INTO `system_users_roles` VALUES (61, 2);
INSERT INTO `system_users_roles` VALUES (62, 2);
INSERT INTO `system_users_roles` VALUES (63, 2);
INSERT INTO `system_users_roles` VALUES (64, 2);
INSERT INTO `system_users_roles` VALUES (65, 2);
INSERT INTO `system_users_roles` VALUES (66, 2);
INSERT INTO `system_users_roles` VALUES (67, 2);
INSERT INTO `system_users_roles` VALUES (68, 2);
INSERT INTO `system_users_roles` VALUES (69, 2);
INSERT INTO `system_users_roles` VALUES (70, 2);
INSERT INTO `system_users_roles` VALUES (71, 2);
INSERT INTO `system_users_roles` VALUES (72, 2);
INSERT INTO `system_users_roles` VALUES (73, 2);
INSERT INTO `system_users_roles` VALUES (74, 2);
INSERT INTO `system_users_roles` VALUES (75, 2);
INSERT INTO `system_users_roles` VALUES (76, 2);
INSERT INTO `system_users_roles` VALUES (77, 2);
INSERT INTO `system_users_roles` VALUES (78, 2);
INSERT INTO `system_users_roles` VALUES (79, 2);
INSERT INTO `system_users_roles` VALUES (80, 2);
INSERT INTO `system_users_roles` VALUES (81, 2);
INSERT INTO `system_users_roles` VALUES (82, 2);
INSERT INTO `system_users_roles` VALUES (83, 2);
INSERT INTO `system_users_roles` VALUES (84, 2);
INSERT INTO `system_users_roles` VALUES (85, 2);
INSERT INTO `system_users_roles` VALUES (86, 2);
INSERT INTO `system_users_roles` VALUES (87, 2);
INSERT INTO `system_users_roles` VALUES (88, 2);
INSERT INTO `system_users_roles` VALUES (89, 2);
INSERT INTO `system_users_roles` VALUES (90, 2);
INSERT INTO `system_users_roles` VALUES (91, 2);
INSERT INTO `system_users_roles` VALUES (92, 2);
INSERT INTO `system_users_roles` VALUES (93, 2);
INSERT INTO `system_users_roles` VALUES (94, 2);
INSERT INTO `system_users_roles` VALUES (95, 2);
INSERT INTO `system_users_roles` VALUES (96, 2);
INSERT INTO `system_users_roles` VALUES (97, 2);
INSERT INTO `system_users_roles` VALUES (98, 2);
INSERT INTO `system_users_roles` VALUES (99, 2);
INSERT INTO `system_users_roles` VALUES (100, 2);
INSERT INTO `system_users_roles` VALUES (101, 2);
INSERT INTO `system_users_roles` VALUES (102, 2);
INSERT INTO `system_users_roles` VALUES (103, 2);

SET FOREIGN_KEY_CHECKS = 1;
